source_name,cue_count,duration_seconds,character_count,first_12_minutes,last_5_minutes
2ee6d0c8020a290f5402c6a5c6254975,2925,6464.27,27036,然后。今天晚上给大家直播好吧？看回放的同学呢，往后播个六分钟，小爱同学在播放。开始懂了。好的，小爱想陪你一起听会员歌曲，孙燕姿的开始等了。我竟然没有掉头，最坦然那一刻，静静看你走。一点都不想我，原来人会变得温柔。是透彻的，懂了爱情是永恒的，我永恒的，我彼此都知道理由。想起你只是怕伤害我，不许骗我，爱过谁会舍得。把我的梦吵醒了，全部幸福不会来了，用心思微笑去原谅了，也算原谅。可昨天还是好的，明明是自己的，还是我坏了？啊。我竟然没有掉头，最残忍那一刻，轻轻看你走。一点都不想我，原来人会变得温柔，我喜欢说的话。疯呐，爱今生又疯了，不要分担，何必计较这样自由。相信你只是怕伤害我，不是骗我。难过谁会舍得，当我的梦要醒了，全部幸福不会来了，用心酸微笑去原谅了。也算越了，可昨天还是好了，可明明是自己的。还是苦难快乐是幸福。嗯。啊。啊。oh yeah，相信你，只是怕伤害我。不是骗我。难过谁最舍得把我的梦摇醒了，全部幸福不会来了，用心酸微笑去原谅我。天翻越了，你昨天还是否了？但明字是自己的还是否了？快乐是。说。嗯嗯嗯。一个人。眺望碧海和蓝天。在心里面那么灰就淡一些，还躲在面前飞远，我看见了最阳光的笑脸。好时光都该被宝贝小爱同学哦，现在还有时间才上课，先别着急。小爱同学啊，那个我的学生想听一首歌，太阳下山不要焦虑，还有月光。孙燕姿的开始懂了，温柔坚定，像晚自习后微风拂面，让疲惫的心悄悄抖音给你们，顺便抽着奖的啊，你们可以在抖音上抽着奖。小爱同学在播放像我这样的人。好的，小爱想陪你一起听会员歌曲，毛不易的，像我这样的人。像我这样优秀的人，本该灿烂过一生，怎么20多年到头来？还在人海茫茫浮沉，像我这样聪明的人早就告别了单纯。怎么还是用了一段情去换一身伤痕，像我这样没？迷茫的人像我这样寻找的人，像我这样碌碌无为的人离开，经过多少年？哎。啊。嗯。像我这样庸俗的人，从不喜欢装深沉，怎么偶尔听到老歌失落？忽然间晃了神，像我这样懦弱的人，凡事都要留几分。怎么曾经也会为了谁想过奋不顾身，像我这样迷茫的人，像我这样寻找的人。像我这样碌碌无为的人，你还想过多少人？像我这样孤单的人，像我这样傻的女人，像我这样孤单易烦的人。世界上有更深的人。想过这样莫名其妙的人。会不会有人？心疼了。你是莉莉娅还是董小姐？我不是你的先生，宋冬野。小爱同学播放放手去爱。好的，小爱想陪你一起听会员歌曲，迪克牛仔的放手去爱。你独自站在街角。,她是我的申论的学生啊，然后呢？她在贵州那边是做医生的。然后呢？专门干什么的呢？专门割痔疮的，专门割痔疮的，这是一个真实的例子，我骗你是小狗啊。然后呢？她跟她老公离婚了，她还有两个儿子。他就一直对我比较关心，他就天天问我发私信说我经常呢坐着讲课，坐着备课，坐着卖课，一天坐那么长时间。说十个男的有九个男的呢，是有痔疮的，各位，我真的他给我普及这个知识之前吧，虽然我的知识的丰富性还是比较长的。但是我不知道有这个事儿，你知道吗？结果呢，他说问我我有没有痔疮，我给大家说一下，我是真的没有痔疮的。后来的话呢，他就不相信，他说每天都来问我，后来我实在撑不住了，哎呀，我就说行行行，我有痔疮，他说你看东哥，我早就说你有痔疮嘛，你天天坐那么长时间，根据我们的医生的经验。你怎么可能不长痔疮呢？是不是所以的话呢？哎，你你过来我帮你割下痔疮吧，免费他说我割痔疮，在我们整个贵州遵义这个地方特别厉害。就是大家割痔疮都来找我，就我割痔疮呢，还不会复发，而且不让你疼，并且的话呢，能够精确到毫米，他说就你只要到贵州遵义问一下，我们都知道。后来的话呢，我我就崩溃了，你知道吗？后来他说东哥啊，他说你看啊，就是哎呀，咱俩能不能在一起呢，他说你当老师，我当医生，虽然你这个吧，也不是什么体制内的。但是呢，就是相对来讲呢，中国公务员培训也得长期存在，也就算你是体制内的，要不咱俩在一起吧，你看在一起的话呢，我还有两个儿子，你都不用生孩子了，你自动获得两个儿子，还能喜上天。多好多省劲啊，而且这两个儿子我都给你养大了，是不是后来我就跟他说我们俩真的不太适合啊，我已经结婚了，是不是？他不相信，他说东哥，你你这个人就是有点虚伪，你明明有痔疮，你说自己没有痔疮，你明明没有小孩，没结婚，你说你结婚了。是吧你，你这个人人品还是挺好的是吧，你就是怕了麻烦我，他说你看有很多男的明明结婚了，为了呃这边追求我，还跟我说他们没结婚，我觉得你的人品挺好的，我就看上你了。我的妈呀，我也很麻烦好不好？大家不要到网上去瞎传啊，就那个同学的话呢，有一次就在评论区，我还后来的话给别人说我有痔疮，就是上课的时候留了言。我真的没有痔疮好吧，有痔疮也没有什么丢人的，反正你们现在所有的同学，你们90%的人，如果按照这个医生的说法，都是有痔疮的。这个就算我有，我也最多就跟你们一样，也没有什么丢人的是吧？同学们好吧。OK，加油啊，同学们好吧，希望你能拥有这时间最好的默契啊，有人懂得你的言外之意，理解你的艰辛苦难，尊重你的与众不同。看过你狼狈的样子之后，依然陪在你的身边。好吧，就是我呢，其实还真的挺喜欢贵州的这个女同学了，好吧，但是因为我已经有家庭了，我不能背叛我的家庭，我不能在公德和私德上有任何的问题。对不对？但是我觉得有一个人，他能够真心的看见你做着直播，做着卖课，做着备课，能够呢，哎，就是知道你可能会有某一种疾病。是吧，然后呢？并且的话呢？你跟他说你没有啊，后来你又跟他说你有了，他也觉得你是一个与众不同的男人，你的人品很好，你只是啊，不不为了伤害他，你有了某种疾病的话呢？他依然愿意能够帮你的话呢，去治疗这种疾病，我觉得真的啊，我人生当中能够有你们这些好同学，有你们这些好的学生，我不枉此生。好吧，我哎呀，兄弟们，姐妹们，祝愿大家这。一生的话呢，能够顺顺遂好吧，能够永远有一个陪伴着你在身边的人，而且呢，他懂得你的言外之意，理解你的艰辛苦难，尊重你的与众不同。看过你狼狈的样子，还能够坚持陪伴在你你身边，不管你上岸了还是没有上岸，你都不要斩他，他也不要斩你，我都希望大家有情人。终成眷属好吗？小爱同学播放陈奕迅十年。好呀，小爱和你一起欣赏音乐会员，尊享歌曲陈奕迅的十年。嗯。如果那两个字没有震动，我不会发现我难受。怎么说出口也不过是分手？如果对于明天没有要求牵牵手，就像旅游。成千上万的门口。
c2aba27d808fd59cbd6f7bb7892131ab,1474,3059.12,14424,大家现在能够听见吗？能够听见的话，给老师打个一。能够听见吗？现在又没有摄像头了啊。哎呀，反正就是这个样子吧，这节课我因为有的同学呢，非让我弄个无美颜的，所以的话呢，又没有摄像头了，我的妈呀。这个我刚又给大家换了一个设备啊。好了，现在大家如果能够听见的话，就给老师打个一我们直播呢，马上也就开始了哈，这节课呢，我们要给大家呢，扎扎实实的搞一下好吧？你们如果要看摄像头的话，还得等十分钟，能等吗？我再换一台电脑指导。需要一定看摄像头吗？不用了吧？好好好，我这个不知道怎么回事啊，今天晚上这个摄像头的话呢，不管用了。哎呀，也比较麻烦，对不起大家好了，现在的话呢，大家可以把自己家乡的名字敲在评论区，让我看看你们都是哪个城市的人啊？我们这节课呢，给大家呢，就是还是要讲进入多主题的写作了，大家来看一下。给定资料四，以新路，新路，新路为题目，联系实际自选角度写一篇议论文，我现在问一下所有的同学。当你看到这个题目的时候，你觉得这个题目对于我们来讲大概率它是单主题。还是双主题，还是多主题，哪位同学能够看到认真的来琢磨一下这个题目啊，拿到任何一个题目，第一步思考的就是要判定。它到底是单主题，双主题还是多主题？这个题目我觉得它应该是一个多主题，你看出现了一个词，两个词，还有三个词。这三个词是非常重要的好吧，这三个词是非常重要的好了，以心路心路心路为题，请问为题的话。我们待会还需不需要我们去自拟标题？哪位同学可以告诉我，围棋的话还需不需要我们去自拟标题？你会发现就不需要了，那我们就直接用。这个作为我们的原题也就行了，这个时候我问我再问大家一个问题，你们这个时候觉得新路新路新路这三个词。在考试的时候需不需要把它给我进行一个解释？哪位同学可以告诉我，那我觉得还是需要的吧，因为他们说的比较形象，它本质上来讲是一个比喻性的说法。所以我最好呢，还是要把它搞定OK，这是我们的第二个问题，第三个问题，新新新。大家仅看这个字面意思，用你的常识能不能给老师判断出来，这三个心是代表什么？哪位同学可以告诉我，第一个心大家觉得即使不看材料，第二个心不看材料，第三个心不看材料，能不能给老师先猜一下？哪位同学可以告诉我，第一个心我大概率知道它可能是人心，还可能是什么民心。是吧，第二个心大家觉得它可能是什么心，它可能是我们的艰辛。还可能是什么心，还可能是辛苦是吧？都是可以的，第三个心大家觉得大概率按照常识去猜的话，它大概率可能是什么？是不是代表一个创新啊？哎，这个时候我们就全部把它搞定了，你看新新新全部搞定。好了，那我问大家一下，就是你们觉得在题干当中出现的这三个新在材料当中大概率会不会出现这三个新呢？大家觉得会不会出现在题干当中？如果有这三个心，如果他想命题没有任何争议的话，他在材料当中大概率会出现这三个字，这还是比较重要的。好了，我们再带着大家往下看啊，大家来看一下。就是第一个心，从第一个自然段当中，大家有没有看到出现三个心当中的任何一个心？你会发现没有吧，但是第二个自然段当中看一下断首句断尾句先粗读一下，有没有看到任何一个心？看没看到这个艰辛，请问这个艰辛能不能理解成我们刚才心路的心？能不能自圆其说？那我觉得还是没有任何问题的吧，好了再来看一下第三个自然段没有出现新，第四个自然段有没有出现新？你会发现出现了一个新，这个新呢是指新路，但是他并没有对这个新进行一个解释，所以我暂时先不要看它。好了，再带着大家往下走啊，大家来看一下第五个自然段有没有同学能够看到出没出现任何的一个新？你会发现也没有那么第六个自然段有没有出现任何一个新，第六个自然段也没有好了，第七个自然段。大家觉得有没有出现任何一个新各位告诉我第六个自然段是不是出现了一个新理念？是不是出现了一个新动力？是不是出现了一个新路子？如果上一个新，它是代表艰辛的话。那么，这时候的这个心，它是代表什么？哪位同学可以告诉我？这个心是不是就是代表一个创新啊，大家能够同意吧，如果上一个心是代表就是坚信的话，那这个心就是代表创新。好了，我们再带着大家一起往下走，大家再来看一下第八个自然段有没有出现任何一个心，没有直接把它叉掉。第九个自然段，我就看看有没有出现任何一个心，没有直接把它叉掉好了，第十个自然段有没有出现任何一个心也没有，还是直接把它叉掉。第11个自然段，大家有没有看到出现新，你会发现是不是出现了一个人心的心啊？这个人心的心。请问大家一下，他在考试的时候能不能解释我们刚才那个新路？心路要把它变成一个对策，这个散了的人心是代表哪一个要素？哪位同学可以告诉我？散了的人心，是不是代表一个问题啊？我如果想把问题变成一个对策，大家觉得可以把它变成什么对策？大概率分论点的对策就可以变成凝聚人心，这个是没有问题的吧？凝聚人心好了。大家再来看一下第12个自然段，我问大家一下有没有出现新，没有直接把它叉掉，第13个自然段有没有出现新？也没有出现新好了，但这个时候我们基本上把三个新都找出来了，大家现在凭借你们的回忆把三个新分别代表什么？给老师直接敲在。评论区我看看大家的金鱼的记忆，到底是行还是不行？各位第一个心，大家一起写是叫人心，第二个心，大家一起写是叫艰心，第三个心，大家一起写是叫创新。大家能够同意吧，你看啊，叫人心艰辛，还有一个创新，一起把它搞定OK，我们再带着大家来看一下，下面我们就可以把我们的。就是分论点写出来了，分论点在考试的时候有几种形式，哪位同学可以告诉我分论点一共有三种形式。第一种你可以写总论点加影响。第二种你可以写总论点加对策，第三种你可以写总论点加对策，再加上一个影响。同意吧，好了，那我来看一下实现乡村振兴，刚才这三个话题，如果你们都读了材料，你就知道全部是在乡村里边的。乡村里边，那么我们的标题，我们的总论点，既可以用标题的前半句，又可以用标题的后半句。一般是用前半句。但是这个题目它标题是新路新路新路，我们大概率用后半句，也就是实现乡村振兴，这是总论点。好了，这个是代表什代表哪个要素？能不能告诉我这个是不是代表分论点的对策？好了，这句话请问大家一下是代表什么意思？哪位同学可以告诉我这句话是不是对分论点？对策的一个解释呀。这个大家能够同意吧？好了，最后这一步，请问大家一下，应该是代表什么？哪位同学可以告诉我？最后这一步是代表什么？是不是代表分论点的影响啊？大家没毛病吧，这一步是代表分论点的影响，也就是总论点加分论点的对策，加分论点的解释，加分论点的影响。这个心是指的人心，这个心是指的艰辛，这个心是指的创新。好了，那我们可以把它写成凝聚人心。不惧不畏艰辛，你如果想把创新写在后面，大家在一起写一个勇于创新，你要真正都想写在后面也是可以的，但是。实际上，阅卷的时候，他只要看到人心艰辛，创新就可以给你分数了。现在听懂了吗？后面的这个是代表影响，我们最好能够把新路新路再回扣一下。就是散了的人心，我们把心路畅通了，那么这个非常艰辛的路，我们把它走稳了，那么这个创新的方法的路，我们把它给铺好了。大家觉得可以吗？大家觉得可以吗？这样的话，我们就完美了啊，这是总论点，这是对策，这是对策，这是分论点。好了，那我问大家一下这个题目，我们还需不需要去看其他的材料？哪位同学能够告诉我这个题目，咱们还需不需要去看其他的材料？我反复给大家说过了，如果你的分论点。在题干当中，就能够找到你，就直接到题干当中找就行了，这个多主题明显，题干当中就可以把它找出来。另外，如果题干当中找不到，就在这句话材料的出处去找，如果能够找出来，那么就找出来。如果找不出来的话，再从其他材料还有小题当中去找也就可以了，好吧，这个就是我们的分论点。好了，那我们现在要带着大家写一个开头。请问大家下这个开头，我拿到题目之后，我的脑袋就是空白了，应该怎么办？哪位同学可以告诉我？写这个开头脑袋空白了，我们应该怎么办？第一个数字叫名言警句，第二个数字叫影响。,让你们背的你们背了。还是没背。背了还是没背，我就问大家一下，背了还是没背？各位涉及到创新的例子啊。你看啊，这个和乡村振兴的创新能不能密切相关？当然是密切相关的。我这些年所有的学生当中。只要能够恰如其分的把这个例子用上去的，就没有没上岸的，只有一个同学来找过我，他说老师，你不是说这个创新我用上去了之后我就能上岸了吗？为什么我今年没上岸，我说不可能啊，我说你那个考试的题目是什么？他说老师我考的题目是叫持法创新。所以呢，我就把这个写上去了，我请问大家下，如果考执法创新，你李忠凯老师的这个例子还能不能用？你们就认真的告诉我。各位你你一定要知道了啊，就是匹配是非常重要的，李忠凯老师呢？你你说成就是为乡村振兴。没有问题，你说就为老百姓服务，也是没有问题，但是执法创新呢，李中凯这个例子，他和他呢，不是完全的搭配，这不是一个领域的。现在听懂了吗？现在听懂了吗？你别给我瞎说，如果你的整个的篇文章都是指论证执法创新，你就别说了，但是如果你。只论证创新，你既可以举执法创新的例子，又可以举就是这种乡村振兴当中我们为老百姓工作的例子，这是没有问题的好吧，例子在书上开头的。课程当中，别着急，好了，最后我这节课强调给大家加一个点评，点评主要点评什么？哪位同学给老师敲掉评论区？点评，包括公文写作的短评在我们的超大杯里边都会给大家讲，一是要点评对策。啊，是要点评影响听懂了吗？这个对策一定是点评创新，一定是点评创新，这个影响那么你随便写就行了。寻找发展的新机遇或者共创美好未来，或者播画美好蓝图。好了，再接着给大家一起讲啊。就是再接着给大家一起讲，最后来一个分论点的回扣，分论点的回扣，你可以增加句子。分类点的回扣，你可以改写句子，分类点的回扣，你可以调换一下顺序。各位增加句子，复兴路上大家觉得可以不？如果不想用复兴路上的话，我还可以写一个进入新时代，大家觉得可以不？如果我不想用进入信息时代的话，我还可以再加一个奋进新征程，大家觉得可以不？奋进新征程，你们觉得可以不完全是没有问题的好吧，接着来讲，我中间能不能加再加一个问题呢？面对成长中的烦恼呢，当然也是没有问题。好吧，接着这个新就是新问题，新契机，然后呢，重新出发，创新方法，实现新发展，随便来那么两句，扣紧它，发散一下也就可以了。好吧，大家觉得可以过了哈，这一个分论点，大家看它的论证也不难，加了一个背景句，加了一个对策。加了一个例子，加了一个例子，你看也就可以了，最后加了一个点评。然后加了一个分论点的回扣，非常清晰，但是如果没有这个点评，大家觉得能不能成为文章当然是可以的，如果没有这个背景，能不能成为文章也是可以的。就是你上我的课，这些要素大家可以随机的进行组合好吧，随机的进行组合好嘞，再带着大家往下走。大家再来看一下，最后我们要写一个结尾，写这个结尾应该怎么写？一般就是三个要素，名言警句。然后第二步再加上一个影响，第三步再加上一个期待，呼吁展望，号召，名言，警句历尽天华成此景，人间万事出千辛。哎，这个影响我假如不会写，我就加一个问题，你觉得行吗？面对困难和挑战没有问题，最后加一个期待，展望，呼吁，号召，我们要把三个分论点。在结尾的时候再回扣分论点，大家把回扣分论点给老师写在评论区，不管开头结尾，你呢？把分论点呢回扣一下，再点一下。这样的话呢，它实时的能够形成一个学习的闭环，你永远没有忘记自己是在干什么是吧？当然，如果大家在考试的时候写不出来，还有最后的几秒钟呢。那没有办法，我们只能开始了啊，我们只能开始了，我们可以怎么样？随便想一个扬帆起航，正当时砥砺奋进，普华庄。然后再接着写叫什么当前站在第二个100年奋斗目标的历史交会点上，面向十五五迈步新征程。然后呢？就是。怎么样叫做？
a558a6aa37d057b84319a2c242a38b38,1622,3337.71,15892,大家现在能够听见吗？能够听见的话，给老师打个一。能够听见吗？现在又没有摄像头了啊。哎呀，反正就是这个样子吧，这节课我因为有的同学呢，非让我弄个无美颜的，所以的话呢，又没有摄像头了，我的妈呀。这个我刚又给大家换了一个设备啊。好了，现在大家如果能够听见的话，就给老师打个一我们直播呢，马上也就开始了哈，这节课呢，我们要给大家呢，扎扎实实的搞一下好吧？你们如果要看摄像头的话，还得等十分钟，能等吗？我再换一台电脑指导。需要一定看摄像头吗？不用了吧？好好好，我这个不知道怎么回事啊，今天晚上这个摄像头的话呢，不管用了。哎呀，也比较麻烦，对不起大家好了，现在的话呢，大家可以把自己家乡的名字敲在评论区，让我看看你们都是哪个城市的人啊？我们这节课呢，给大家呢，就是还是要讲进入多主题的写作了，大家来看一下。给定资料四，以新路，新路，新路为题目，联系实际自选角度写一篇议论文，我现在问一下所有的同学。当你看到这个题目的时候，你觉得这个题目对于我们来讲大概率它是单主题。还是双主题，还是多主题，哪位同学能够看到？认真的来琢磨一下这个题目啊，拿到任何一个题目，第一步思考的就是要判定它到底是单主题，双主题还是多主题。这个题目我觉得它应该是一个多主题，你看出现了一个词，两个词，还有三个词，这三个词是非常重要的好吧，这三个词是非常重要的。好了，以新路，新路，新路为题，请问为题的话，我们待会还需不需要我们去自拟标题？哪位同学可以告诉我为题的话，还需不需要我们去自拟标题？你会发现就不需要了，那我们就直接用。这个作为我们的原题也就行了，这个时候我问我再问大家一个问题，你们这个时候觉得新路新路新路这三个词。在考试的时候需不需要把它给我进行一个解释？哪位同学可以告诉我，那我觉得还是需要的吧，因为他们说的比较形象，它本质上来讲是一个比喻性的说法。所以我最好呢，还是要把它搞定OK，这是我们的第二个问题，第三个问题，新新新。大家仅看这个字面意思，用你的常识能不能给老师判断出来，这三个心是代表什么？哪位同学可以告诉我？第一个心，大家觉得即使不看材料，第二个心不看材料，第三个心不看材料，能不能给老师先猜一下？哪位同学可以告诉我，第一个心我大概率知道它可能是人心，还可能是什么民心。是吧，第二个心大家觉得它可能是什么心，它可能是我们的艰辛，还可能是什么心？还可能是辛苦是吧？都是可以的，第三个心大家觉得大概率按照常识去猜的话，它大概率可能是什么？是不是代表一个创新啊？哎，这个时候我们就全部把它搞定了，你看新新新全部搞定。好了，那我问大家一下，就是你们觉得在题干当中出现的这三个新在材料当中大概率会不会出现这三个新呢？大家觉得会不会出现在题干当中？如果有这三个新，如果他想命题没有任何争议的话，他的材料当中大概率会出现这三个字，这还是比较重要的。好了，我们再带着大家往下看啊，大家来看一下。就是第一个新，从第一个资产段当中，大家有没有看到出现三个新当中的任何一个新？你会发现没有吧，但是第二个自然段当中看一下断首句断尾句先粗读一下，有没有看到任何一个心？看没看到这个艰辛，请问这个艰辛能不能理解成我们刚才心路的心？能不能自圆其说？那我觉得还是没有任何问题的吧，好了再来看一下第三个自然段没有出现新，第四个自然段有没有出现新？你会发现出现了一个新，这个新呢是指新路，但是他并没有对这个新进行一个解释，所以我暂时先不要看它。好了，再带着大家往下走啊，大家来看一下第五个自然段有没有同学能够看到出没出现任何的一个新？你会发现也没有那么第六个自然段有没有出现任何一个新，第六个自然段也没有好了，第七个自然段。大家觉得有没有出现任何一个新各位告诉我，第六个自然段是不是出现了一个新理念？是不是出现了一个新动力？是不是出现了一个新路子？如果上一个新，它是代表艰辛的话。那么，这时候的这个心，它是代表什么？哪位同学可以告诉我？这个心是不是就是代表一个创新啊，大家能够同意吧，如果上一个心是代表就是艰辛的话，那这个心就是代表创新。好了，我们再带着大家一起往下走，大家再来看一下第八个自然段有没有出现任何一个新？没有，直接把它叉掉，第九个自然段，我就看看有没有出现任何一个新，没有直接把它叉掉。好了，第十个自然段有没有出现任何一个新也没有，还是直接把它叉掉，第11个自然段大家有没有看到出现新？你会发现是不是出现了一个人心的心啊，这个人心的心，请问大家下他在考试的时候能不能解释我们刚才那个？心路心路，要把它变成一个对策，这个散了的人心是代表哪一个要素？哪位同学可以告诉我？散了的人心，是不是代表一个问题啊？我如果想把问题变成一个对策，大家觉得可以把它变成什么对策？大概率分论点的对策就可以变成凝聚人心，这个是没有问题的吧？凝聚人心好了。大家再来看一下第12个自然段，我问大家一下有没有出现新，没有直接把它叉掉，第13个自然段有没有出现新？也没有出现新好了，但这个时候我们基本上把三个新都找出来了，大家现在凭借你们的回忆把三个新分别代表什么？给老师直接敲在。评论区我看看大家的金鱼的记忆，到底是行还是不行？各位第一个心，大家一起写是叫人心，第二个心，大家一起写是叫艰心，第三个心，大家一起写是叫创新。大家能够同意吧，你看啊，叫人心艰辛，还有一个创新，一起把它搞定OK，我们再带着大家来看一下。下面我们就可以把我们的就是分论点写出来了，分论点在考试的时候有几种形式，哪位同学可以告诉我？分论点一共有三种形式，第一种你可以写总论点加影响。第二种你可以写总论点加对策，第三种你可以写总论点加对策，再加上一个影响。同意吧，好了，那我来看一下实现乡村振兴，刚才这三个话题，如果你们都读了材料，你就知道全部是在乡村里边的。乡村里面那么我们的标题，我们的总论点，既可以用标题的前半句，又可以用标题的后半句，一般是用前半句。但是这个题目它标题是新路新路新路，我们大概率用后半句，也就是实现乡村振兴，这是总论点。好了，这个是代表什代表哪个要素？能不能告诉我这个是不是代表分论点的对策？好了，这句话请问大家一下是代表什么意思？哪位同学可以告诉我这句话是不是对分论点？对策的一个解释呀。这个大家能够同意吧？好了，最后这一步，请问大家一下，应该是代表什么？哪位同学可以告诉我？最后这一步是代表什么？是不是代表分论点的影响啊？大家没毛病吧，这一步是代表分论点的影响，也就是总论点加分论点的对策，加分论点的解释，加分论点的影响。这个心是指的人心，这个心是指的艰辛，这个心是指的创新。好了，那我们可以把它写成凝聚人心。不惧不畏艰辛，你如果想把创新写在后面，大家在一起写一个勇于创新，你要真正都想写在后面也是可以的，但是。实际上，阅卷的时候，他只要看到人心艰辛，创新就可以给你分数了。现在听懂了吗？后面的这个是代表影响，我们最好能够把新路新路再回扣一下。就是散了的人心，我们把心路畅通了，那么这个非常艰辛的路，我们把它走稳了，那么这个创新的方法的路，我们把它给铺好了。大家觉得可以吗？大家觉得可以吗？这样的话，我们就完美了啊，这是总论点，这是对策，这是对策，这是分论点。好了，那我问大家一下这个题目，我们还需不需要去看？其他的材料，哪位同学能够告诉我这个题目，咱们还需不需要去看其他的材料，我反复给大家说过了，如果你的分论点。在题干当中，就能够找到你，就直接到题干当中找就行了，这个多主题明显，题干当中就可以把它找出来。另外，如果题干当中找不到，就在这句话材料的出处去找，如果能够找出来，那么就找出来。如果找不出来的话，再从其他材料还有小题当中去找也就可以了，好吧，这个就是我们的分论点。好了，那我们现在要带着大家写一个开头。请问大家下这个开头，我拿到题目之后，我的脑袋就是空白了，应该怎么办？哪位同学可以告诉我？写这个开头脑袋空白了，我们应该怎么办？第一个数字叫名言警句，第二个数字叫影响。,那没有办法，我们只能开始了啊，我们只能开始了，我们可以怎么样随便想一个扬帆起航，正当时砥砺奋进，普华庄。然后再接着写叫什么当前站在第二个100年奋斗目标的历史交会点上，面向十五五迈步新征程。然后呢？就是。怎么样叫做从心出发，从心出发，从心出发，是夺取全面建设社会主义新农村。新胜利的关键或者是夺取全面战，建设全面实现乡村振兴新胜利的关键。为此呢，我们要坚定信念，满怀信心，保持风雨无阻向前进的奋进姿态。激昂越是艰险，越向前的精气神保有踏平坎坷成大道都把。艰险又出发的顽强意志，方能书写更新完美的时代篇章，大家觉得可以不？可以不？各位可以不？你看啊，我们每一节课这节课有没有感觉时间可能短一些？你们觉得这节课我们之所以时间短一些，最重要的原因是什么？最重要的原因是什么？最重要的原因大家来看，本质上就是你背了该背的东西。我们每节课最重要的是要解决大家凑不出字数，写的没有文采的问题。正是因为你背了，你就会写的又好又快，老师也讲的非常轻松。偶买告的你，甚至到现在看到这么好的素材都没有喊我一声高的father是吧？那么这些材料。我问大家下，我让你们背的，你们有背的的同学就打个背了，我看有多少同学背了？各位，你至你不一定背我这上面的材料，但是至少这些材料大家可以简单的做一些基础，尤其是考县乡卷的同学。好吧，考线象卷的同学可以把它背一背，看一看啊，可以把它背一背，看一看，我再把这些材料又给你回顾了一下，这就是我给大家准备的材料。当然，大家也可以用豆包，用deep seek，让他们帮你生成一些呃更好的例子，都是没有问题的，但是前提大家。争取微观的。还有中观的，还有宏观的，各备几个，能不能告诉东哥微观中观宏观，你可以各备三到五句，考试的时候就能够让你立于不败之地。你就相信我的话，那到时候你写的这个文章就是你经过精心准备的文章，一定比你用灵感去写的文章要好很多啊。好吧，精心准备的文章比你用灵感要弄的文章呢，要好很多好吧。好了，大家现在能够看懂吗？这节课的话呢，觉得轻松不？这节课觉得轻松吗？各位，明天晚上我想给大家，就是把后天的课提到明天晚上。再给你们讲一下，大家觉得行吗？就是我问大家一下，就是明后天的课提高到明天晚上，我赶紧想把这个课给大家结束，因为呢，这个全家桶呢，还想带着大家。有的同学有复盘有答疑，我就因为我们那个刷题课呢，8月6号就要开始了，然后呢，就在这中间的话呢，我看看给大家提前两天，我中间的话呢，看看给大家。要么是抖音连麦答题，要么就是在我们的呃，就是这个就是这个什么出行公款APP上给大家直播答一下疑，大家觉得行吗？好吧，这样的话呢，我们就把时间的话呢，赶一赶，答应大家答疑的，我一直帮大家就是会做到的啊，大家别着急，因为我们先要把正课上完。同学们的问题呢，我看了很多都是共性的问题，我都看了，所以大家每节大总文，你只要做的是把总论点和分论点能够找出来也就可以了。行吧，好吧。OK，好吧。好了，我们的抖音卖课这三天就不卖课了啊，这三天我就给大家把这个搞定，各位你不会的东西觉得难的东西一定不要躲，先搞明白后竞战，你就比别人优秀了。然后呢，因为大部分人都不舍得花力气去钻研自动淘汰，所以你执着的努力就占了大便宜，请相信相信的力量选择一件事情就坚持去做，低头赶路，不问前程，会被越来越多。的人看见也会被越来越多的人吸引啊，如果有一天你的努力配上你的梦想，那你的梦想一定不不会辜负你的努力。好吧，就是如果大家呃，你就是我集中大一没有能够解决的，你反正的话呢，从今天开始到国考之前，我每天的话呢，我抖音都会直播的，你到时候到抖音上。带着你的讲义告诉我说多少页，你到底有什么问题直接来找我也可以，行吧？就是另外呢，初心公款APP呢也也给大家有集中答疑好吧。就给大家说这么多了，面试见吧，把面试见打在评论区。拜拜了哈，各位。哎呀，加油啊。
4d5aef0b3416c2c9abf24738dbf25236,2534,5414.47,24890,好好吧。然后呢？这个是我们这节课先测试一下我们的翻页笔啊，小爱同学播放。什么歌啊？小爱同学听到歌曲信息哦，我会继续努力的。小爱同学放播放放手去爱。好呀，小爱和你一起欣赏音乐会员最佳小爱同学，我在播放大壮，我们不一样。好呀，小爱和你一起欣赏会员，尊享歌曲大众的，我们不一样。嗯嗯嗯。啊啊啊。这么多年的兄弟，有谁比我更了解你？太多太多不容易磨平了岁月和脾气，时间转眼就过去，这深口不散的宴席。是因为我们还在停留在原地，张开手需要。多大的勇气，这一天你我一起撑起更努力，只为了。我们想要的，明天好好的，这份情好好珍惜，我们不一样不一样。每个人都有不同的境遇，我们在这里在这里等你，我们不一样。虽然会经历不同的事情，我们都希望。来生还能相遇。这么多年的兄弟，有谁比我更了解你太多太多，不文明磨平了岁月和脾气。时间转眼就过去，说声口不散人的宴席，只因为我们还在心留在原地。张开手需要多大的勇气？这片天和你我一起撑起更鼓励。只为了我们想要的，明天好好的，这份情好好珍惜我们不一样。我一样每个人都有不同的境遇，我们在这里。在这里等你，我们不一样不一样。虽然会经历不同的事情，我们的希望来生还能相遇。我。啊啊啊。我我的姑娘。我们不一样，不一样。每个人都有不同的境遇。我们在这里。在这里等你，我们不一样。虽然会经历不同的事情，我们的期望来生还能相遇。嗯。我们不一样，虽然会经历不同的事情。我们都希望来生还能相遇。我们的计划来生还能相遇。小爱同学，我在。播放。南山南，请问你想听什么呢？小爱同学播放南山南。好呀，小爱和你一起欣赏音乐会员，尊享歌曲张碧晨等的南山南不是啊。小爱同学播放开始懂了。好的，小爱想陪你一起听会员歌曲，崔燕姿的开始懂了。我竟然没有掉头，最残忍那一刻，静静看你走。一点都不想我，有的人会感到温柔是透彻的，懂得。爱情是流动的，不永恒的，何必激动着要理由。想起你只是怕伤害我，不是骗我，可爱到谁会舍得把我的梦吵醒了。宣布幸福不会来了，用心酸微笑去原谅了，也分裂了。可昨天还是好的，你明天是自己的还是你忘了快乐是？你的名字。啊啊啊。我竟然没有掉头，最残忍的一刻，轻轻跟你走。一点都不想我的外人会变得温柔。是你说的懂吗？爱情上有风浪，不要我担待，何必计较这样自由。小雨同学暂停。好了，所有的同学。刚才给大家放了一首所谓的冷门歌手孙燕姿的歌啊，我也不知道大家能不能听懂孙燕姿的歌是吧？就是想想孙燕姿的话呢，唱的这首歌叫开始懂了，我最近的话呢，看到你们很多人的私信，我也觉得开始懂了啊。很多人的话呢，只有失恋之后才能够懂得曾经的男朋友或者女朋友对于自己的。这种真挚的感情好吧，我也希望大家呢，永远像大话西游里面一样，不要去辜负你人生当中那些非常纯粹的爱情。友情还有其他的亲情好吧，所有的同学把你们家乡的名字敲在评论区，让我看看你们都是哪个地方的人？然后呢？我们看看你在直播间里面呢，能不能遇到同一个城市的另外一个他啊？将来的话呢，我们希望呢，大家顺利的在这个城市都能够上岸。凭借城市里面你们评论区里面手机的尾号，还能够相遇哦，你听过袁东老师的课吗？你的尾号是多少好吧？好了，我先问大家一下，这节课的题目，你们觉得难还是不难？这是二六年国江浙江省考刚刚考过的一道题目。他说，结合给定材料，围绕健康浙江打造小切口与大健康的。辩争之道话题联系实际自选角度，自拟题目写一篇讨论型的文章，我现在问大家一下，你们觉得这个题目难还是？不难，大家看认真的审一下这个题目，如果在考试的时候，你的脑袋像这个PPT一样，哎，一下子是空白的，请问这个时候你应该记住了，袁东老师站在你身后像个大哥哥。一样问你一个事哎，帮你作弊怎么帮你作弊认真的同意一下哎，认真的想一下，这个时候袁东老师应该站在你身后像个大哥哥一样说。这个题目到底是单主题还是双主题还是多主题，认真的琢磨一下是不是大概率看到小切口，看到大健康？它应该是双主题啊，双主题在命题的时候可能有几种命题方式。大概率有两种吧，一种是叫AB，一种是叫ABC吧？好了，那我问大家一下这个题目，它本质上是在说AB还是在说ABC？如果是ABC的c的话，这个c指的是某一个领域小切口大健康，请问大家一下，它应该指的是？某一个领域还是指的所有领域，你们认真的告诉我，它应该是指的健康这个领域吧。所以表面上看，它应该是属于ABC没有问题，但是认真的在看后面，它是让你谈到AB之道。呃，让你谈的是辩证之道，辩证之道又是AB之道。所以请问大家一下，这个双主题最好，我们是选择第一种作为我们的啊，就是分论点还是选择第二种的结构作为我们的分论点？认真的琢磨一下，记住了，人家是中间有个语，而且是叫辩证之道，所以这个时候我会选择AB。啊，我会选择AB，那AB怎么选？第一种是a对b有什么影响？第二种是b对a有什么影响？第三种，要努力的把a与b结合起来，怎么干？现在大家能够听懂吗？就是第三种的话呢，就是要把a和b的话呢联系起来。循环起来，辩证起来，现在听懂了吗？好了，那么但是我们这个健康也就是这个c的领域。我们中间还需不需要扯到其他领域这个题目，我们待会是只论证健康领域就可以了。还是需要给我扯到其他领域，大家认真的琢磨一下各位，实际上我们就锁定了健康这一个领域就可以了，,一般来讲，你看公务员啊，往往就是什么，如果今天这件事情自己实在做不了，没关系，回家好好睡一觉，明天的话呢，能做就做，不能做呢，再缓一缓。然后呢？那些就是钻着牛角尖，我数量不行，然后呢？我就我就不能被别人歧视，我苦大仇深，我就一定要好好学数量，于是的话呢，用了三个月的时间学数量。全部都是浪费。别再搞了好吗？同学们，东哥怎么还有录播哦？对了，那个我再给大家说一下，今年我们的套题班。直播给大家准备了20多次课，因为我们我们呢，直播呢，给大家准备了大约25次课，25次直播，然后呢，另外呢，给大家加了一点量。还给大家做了一些这种套题的录播，套题的录播呢，大家每周可以自己拿一篇拿一套题去做一做，这样的话呢，因为我们的直播一直给你讲到考前讲到11月份。到最后再讲到套题的话，你再刷就来不及了，大家现在能够听懂的话，给老师打个一，我再给大家说一下国考的套题，值得大家。出啊，多少国考的套题值得你反复的，每道题刷个三遍，所以我今年套题呢，就提前给大家上线了，你想买就买，不想买也没关系啊，我就是给大家说一下这种课程的。一个含义所在，行吧，你一定平常每周就做一下套题，因为我们套题的话呢，如果都直播的话，我给大家基本上把。二二一年到二五年的套期，二六年的套期，咱们超达杯已经讲了，咱们咱们方全家桶已经讲了，二一年到二五年的套期呢。这五年的套题，你没事你就自己做一做行吗？行的话，给老师打飞机，各位，否则的话就一天上一节课都上不完，今年的题量太大了，我们的超大v和套题呢，加起来的题量是我们全家桶的题量的两倍啊。然后呢？你就平常周末的时间。周末大家行测可以做模考的题目，但是申论不要做模考的题目，申论就直接做真题就行了。国考近五年的真题可以反复做个两到三遍，大家觉得可以吗？可以的话给老师打个一。好吧，各位，山东的题目的话呢？出呃山东的山东的我没敢给大家弄啊，山东那个讲套题的话呢，会有问题，到时候如果有机会的话，在法律允许的范围之内呢？就是我们会到时候通过其他渠道给大家做山东套题的交付好吧，山东套题的话呢，就是没有经你去看一下，大家都不敢上架啊。啊，希望大家能够理解啊，它有点特殊，到时候我具体的会给大家再说行吗？就是行测的刷题那个，你们还要那个行测的超大杯的刷题，我到时候直接给大家免费送了，不要着急的，8月6号给大家。添加进去也就可以了，行吧？这就是那个就是我再给大家说一下啊，就是课程呢，并没有涨价，还是198块钱，两个课各99块钱，但是批改呢，收十块钱。另外，批改今年因为我们后台能够诊断诊断出来，你是不是帮别人代批改的，我们呢，只要发现代批改了，直接封掉全靠。封掉这个号，然后呢？并且呢？不允许你申诉就黑吃黑了，希望你能够理解好吧，你坑我，我就要坑我就坑你行不行？我绝对不能够说，就是放你一马上好吧。因为的话呢，我们批改的话呢，十块钱，我靠100道题目就是一毛钱，一道题目都不够服务器的费用了，好吧，你别再坑我了哈。我提前把丑话给你说到前头了好吧，在哪里拍？今天晚上再出新公款，不是在那个抖音上就行了，大家。就这样啊，我上付费课，不想跟你们说这些课，要不然的话呢，到时候又有的同学说我什么，我上课给大家卖个课什么的，那个我也受不了这个。反正大家想买就买，不想买也没关系啊，小爱同学播放一程山路。好呀，行车的沙琪玛免费送给你们好吧？嗯嗯嗯。青石板留着谁的梦啊？一场秋雨有落叶的花。女人匆匆的赶路啊，走自己的方，人家如匆匆。落叶天光掌握了远山的灵火，想起很久之前我们都说。一夜执着过后。
38a4c7578e3b2da1fbe2732bb0b9d655,2409,4856.46,23701,给大家。这个热个场好吧，小爱同学。小爱同学，最近罢工了啊，可能是没给他发工资，我给你们放首歌吧，行不行？哎呀，看着。嗯嗯嗯。啊。小爱同学，小爱小爱你好小爱。那原本该是我抚育你的承诺，现在我只能用承诺当初。你好小爱小爱同学。只有你知道我痛，喝了几杯酒，我不能再看你多一眼都是痛，即使觉得。到底有没有回头？我终于知道去终缘分的结果，只有伤心的。你最后一身光残留在回忆中。没有再一点的借口，原来就只是曲终人散的寂。为我。我还想和你相逢。你紧紧拉着我衣袖，你不放开，让我走，这一次你我确定。你何说。是。心。你。当你听着所有人相遇祝歌的时候。只要你知道我多喝了几杯酒，我不能再看你多一眼都是痛。即使知道你也没有回头，我来这城市去找更亮的寂寞。我还想等你什么？你紧紧拉住我衣袖。又放开，让我看见你，让我彻底分手。我要的就是你。我终于知道曲终人散的寂寞，只有伤心的在。你最后一首歌。拥有在无言中，我没有在预言的借口。原来这就是曲终人散的寂寞，我还想等你相。你紧紧拉着我衣袖，也算该让我走这一次更不彻底。歌声。你紧紧拉住我的手，勇敢敢让我走，却一次跟我彻底分手。啊。啊。啊。像我这样优秀的人。等待苍浪过一生。怎么30多年到头来？爱在人海里浮沉。像我这样聪明的人。早就告别了单纯。怎么还是用了一段情去换一生伤痕？像我这样迷茫的人。像我这样睡着的人好了，所有的同学们，大家如果能够听见的话。就把你们家乡的名字打在评论区，为你们家乡呢做一次文旅宣传啊，现在各个地方的文旅局呢，工作都非常的热情，也非常的火爆啊，都是希望大家。到他那个地方去旅游，临沂的，还有我的老乡啊，通辽的，我去过你们通辽啊，通辽很厉害哈，通辽有内蒙古，有吉林，还有。这个交界的地方很厉害的，然后呢，我家里面的话呢，原来有个人有个亲戚嘛，在通辽那边专门开火车。一直往那个东北那边开，呜呜呜是吧？枣庄的，还有叫水库的水，有个地方叫水库吗？安尔的天津的。天水的我去过天水大庆，我去过大庆，有一个油田，我原来在中石油工作过啊，孟屯孟屯是哪个地方我不知道，临沂济宁牡丹江我都去过。济宁，昆山，怀化，怀化我去过啊，然后呢？咸阳，咸阳我也去过，肯定去过的，赤峰你看标准的人都说赤峰，安庆我也去过，株洲去过，济宁去过，沧州去过，重庆去过。青海去过益阳，去过南京，去过广汉，我也去过重庆，我也去过宜宾，我也去过泰安，我在泰安还有个房子。然后呢？天津我也去过沈阳，我也去过丽水，也去过哈尔滨，也去过河南，打河南这么河那么耐琢磨到河南，我也去过。然后呢？乐山乐山大佛我也去过敦煌，也去过丽江，也去过我的妈呀，新乡我也去过行挺好的，所有的同学们。嗯，感谢同学啊，然后呢，把你们家乡的瓶子名字呢，都打在评论区了，大家现在如果能够听见的话，打个一我们直播呢，也就正式开始了。这节课要给大家讲的这道题目呢，是二六年国考的一个题目，大家来看一下这个题目到底是难还是不难？给定材料五中提到，要获得真正的进步，不能只是一味的往前跑，更关键的是要明确跑的目标。请你对这句话进行深入思考，针对行政执法工作联系实际自选角度，自拟题目写一篇文章。好了，所有的同学们，现在我问大家一下。就是拿到这样一个题目，大家认真的琢磨一下这个题目当中的这句话，你拿到这句话的时候。可能脑袋是空白的，但是你在考场上，你脑袋空白的时候，你要记住吧，袁东老师站在你身后，像个大哥哥一样，说说什么？你这个时候应该思考什么？你的脑袋像这个PPT一样，是空白的，要从哪个方面思考？你一定要记住了，要思考它到底是单主题。还是双主题，还是多主题，这一步非常重要，你因为你这一步判断错了的话，就像你盖一个房子，你把这个股价就搞错了，这个就麻烦了。大家认真的看一下这个题目，你觉得读材料它是单主题，双主题还是多主题，大家看。要想获得真正的进步，不能一味的往前跑，不能只是一味的往前跑，更关键的是要明确跑的目标。大家再审一下，是单主题双主题还是多主题？二零年国考当中，绝大多数同学把这个题目写成了单主题。但是大家再认真看一下这个题目，它有两个词是非常重要的，第一个词大家觉得是哪个词？第一个词是不是在说往前跑啊？第二个词大家来看一下是不是在说明确跑的目标啊？大家觉得他对于往前跑，还有一个跑的目标。这个它应该是单主题，双主题，多主题，你这个时候明显觉得它俩中间有一个，更请问这个更如果用我们中观的大逻辑去分析的话。它是一个什么样的逻辑关系？这个更是不是一个递进的逻辑关系啊？这个递进的逻辑关系。诶，也就可以了，这个递进的更它的逻辑关系。递进的更它的逻辑关系，所以我们最好要把它写成一个双主题，大家同意吧，双主题的话。这个时候题目当中有一个词叫往前跑，那我们肯定是一个对策，这个是没问题的。请问双主题，如果你标题的话，前半句是写对策还是写影响应该写对策吧，后半句应该写对策还是影响应该写影响吧？那么往前跑呢，它肯定就是对策明确跑的目标，请问大家一下，你觉得它是对策还是一个影响明确跑的目标？也就是指的目标，他肯定是一个对策同意吧，因为你递进嘛，如果有一个是对策，那另一个也是对策才能构成递进，只是他说的更深入。它程度更深或者时间更更更久是吧？但是它都是对策好了，这个影响要想获得真正的进步。请问这个双主题在考试的时候，要么是AB类，要么是ABC类。然后题干当中明确的说了，针对行政执法工作这个领域，所以你觉得这个双主题我们应该写成AB还是应该写成ABC？哪位同学可以告诉我，是不是它只要是针对某一个领域的，就是ABC啊，所以大家一起把它写下来。执法。工作一起把它搞定好了，请问大家一下这个里面你们来告诉一下东哥往前跑和目标。如果说我在考试的时候真的不会加动词了，我就比较懒，这个时候往前跑和目标前面加一个动词，后面加一个尾巴，你觉得你会加哪个动词？我反复的告诉大家，这个世界上存在一个国家，它存在其实要么就是打伊朗，要么就是为了我们大自然就是以。往前跑和目标破题，大家同意吧。哎，这是非常重要的一个标题，然后它会产生什么影响呢？对执法工作有影响，对执法工作的影响，前面加个动词，后面加个尾巴。绘就执法工作。各位加个。最后的尾巴新图景，大家把新图景给老师一起搞下来也就可以了，你看这个不就可以了吗？以往前跑和目标破题绘就执法工作新图景。好了，大家觉得可以过吗？但是你们觉得这样拟标题的话，有没有能够体体现出材料当中的题干当中的这个更啊？我觉得没有。没有吧，同学们，那么如果我们想体现这个更，你觉得应该怎么体现？前面还是写一个往前跑。后面还是要写一个目标，你要没有这两个词，,能不能自己把它练一练，另外呢，你们那个批改的话呢，就说我们算法再给大家再升级一次，所以你写的大指纹呢，保留下来，到时候再批改一次。行吧，我能够结合你的文章，给你形成一个个性化。好吧，各位，你敢于动笔，你就能赢了好吗？同学们。哎，最近的话呢，很多同学还是来找我啊，最近这个月是七月份，很多同学毕业了，失恋了，然后呢，或者找不着工作了，或者怎么样，现在的年轻人呢，活的也真不容易啊。还有一个的话呢，大家有没有觉得就是在你的人生当中，你原来的话呢，以为有的人可以为你遮风挡雨，但是你后来发现你以为的这些为你遮风挡雨的人。恰恰是给你真正带来风雨的那些人，有没有同学有这种感觉？各位，我给大家说一下啊，就是你们给我发的很多私信，我其实都在看，但是我呢，因为一天精力有限，不可能天每一条都给大家回复。但是我最近总结了，就是这一周之内的私信，绝大部分同学就是问题都是在朋友的身上，都是在家人的身上。都是在婚姻的身上，我读了你们的这个私信哈，我就觉得你们的朋友，你们的家人，你们的婚姻当中。哎呀，你觉得有没有觉得在人生当中，咱先别讲他们有多好的工作，多大的钱，多大的权，多大的名和利。你有没有觉得在人生当中找一个正常人就挺难的？有没有同学有这种感觉，也可能是因为我私信里面大家都是比较郁闷的才来找我，就是我通过你们的分析，通过你们的抱怨，通过你们的诉苦，通过你们。叫做诉说，通过你们的内容，我觉得有时候在人生当中找一个正常人都是非常难的。是吧，不管是朋友家人婚姻找一个正常人都是比较难，我发现就是如果没有找到正常人，就是你们写的那些所有的条件，即使你的婚姻，你的家人，你的朋友。再有光鲜亮丽的条件，好像生活还是一地鸡毛，所以我觉得能够和一个正常人做朋友，谈恋爱能够和正常的家人做父母，做儿女。做沟通能够和正常的人就是结婚啊，生孩子啊，还有一起养育孩子，其实我觉得是一个最最基础的东西。没有这个基础，很难就有光鲜亮丽，所以呢，上节课就是我们那个高同学是吧？他女朋友的话呢，给他就是戴了绿帽子，然后呢，他每天到我直播间里面的话呢。就是经常的一会说理解他给自己戴绿帽子，一会又说还想让他回来，你记住了，他并不是一个正常人。他不是一个正常人，不管你以为他再美丽再不美丽，你们都没有办法再回去了，你能理解吗兄弟？我真的是为了你好，我不是说想拆散你们俩，而且现在现在你们俩本来就散了，他就不回来了，你再想这些幻想没有任何意义。好吗？另外，除了恋爱，还有学习，还有人生当中的工作，记住了，如果你现在的状态不对，你就得改啊，你不能因为一件事情影响你太久。太耽误事了，成本过高，太不划算了。要救自己万万次，争争进草，绝不动摇。大家觉得可以不要救自己万万次，争争进草，绝不动摇啊。我希望大家有一天呢。真正有一个很好的格局，能够上岸了，能够为人民服务，然后你再。很远很远的地方，你在很高很高的位置，你能够再看你今天的一地鸡毛的话，那个时候就像你在26楼上再看地下的一个小垃圾，你根本就看不见了。我希望大家有一天能够看，我希望你们在最郁闷的时候能够看到最远的地方。把灭世界，敲掉评论区。我不能给你。啊。啊。你是第一个发现我原面目表情，越是心里。难过，所以当我不肯努力的战斗，你会心疼的把握在胸口，你比谁都还。了解我内心的渴望，比表面来得多，所以当我跌断翅膀的时候，你。你出我的陪我学运动。我要去看那最远的地方和你手足保养我。下像从来没有见过梦想一场爱相信，但非就有天空那样。我要再看看。
9359c80e209f90d030e4b14876f754cd,2711,5726.05,26845,嗯。这一刻，突然觉得好伤心。像昨天，今天同时在放映。我这句语气原来好像你。不就是我们爱过的证据差一点骗了自己，骗了你。啊。但预备爱不一定成正比。痛到被疼是一种运气。但我无法完全交出自己努力为你改变，却变不了。雨露的浮现，以为在你身边，那也算永远。仿佛还是昨天还是昨天，黑色照亮了。能闭上我双眼，我还看得见。可惜不是你陪我到最后，曾一起走却走失那。可以感谢的是你牵过我的手。还能感受那。温柔。同学们，抖音同步给你们出那个摇摇乐和答题卡的啊，如果你们需要的话。就在抖音和。抖音上出吧好吧。哎，人生一辈子也挺不容易的啊。然后呢，大家只要能够多中几个奖，能够让你有一些物质价值和情绪价值，我也就算对得起大家。很感谢所有的同学对我的支持，好吧。然后呢？也是不容易啊。给你们放首歌吧。放一首什么样的歌呢？翻译说如愿吧。啊。你是遥遥的路，深夜到屋里的灯。不是孩童吗？走在你的眼眸，你是明月清风。我是你祝福的梦小爱同学，今日不见到一生与你相拥。而我将爱你所爱的一切，任你所骗的消遣，你的生活开始再见。请带我去，明天为爱上你醉过那么多天。我要变成你的眼，你不管它运用了吗？这就是爱。一起。你随你，随着长河星火燃起的天空。要是仰望着，就把你唱成歌，我是你，我之所来，你是我心之所归。世间所有的人将能与你相逢，而我想爱你，心爱的人间。愿你夏天的夏天一个手不攀上，再见，请带我去明天。如果说你已经哭过，我的天，我就活着，为了你我。那么，任由我的就像是每一天。大声说，我要飞回天涯，望寻找寻找心心永远的眺望。啊，天黑死了啊，你还笑一笑。像你深爱的那一。啊。不不像个男人。我梦的童年眼泪是真的有点。因为太珍惜，所以才犹豫。忘了先把彼此抱紧，我不是留言，不能猜测你。疯狂的游戏需要谁珍惜？别人怎么说我都不介意。爱不爱你日久见人心，请你再努力画一个。世纪。好了，大家现在能够听见的话，可以把你们家乡的名字敲到评论区啊，让我看看大家都是哪个地方的人？好吧，每个同学呢，也都是不容易的啊，我们希望带着大家呢，能够把它搞定吧。这个你们稍等一下哈，我把这个。这课课课前呢，给大家做个解释啊，有的同学说这个我失恋啊嗯。实际上来讲呢，并没有十年啊，就有的时候呢。有的时候呢话呢，只是听了一首歌而已啊，没有其他的意思。哎呀，我有的时候也应该注意啊，有的时候给大家放一首悲伤的歌呢，很多同学要么说我离婚了，要么说我失恋了。当一个老师也挺不容易的啊，我有的时候吧，这个人吧，我我这个人是比较二的一个人就是比较直，然后呢，也又是一个性情中人哈，我并不知道。应该怎么样给大家沟通，毕竟你们都年轻，我和你们稍微有点代沟，希望大家能够多多包涵，多多理解好吧？比如说呢，我有的时候看见有的同学呢，不好好学习，然后呢，还打卡的时候在抖音上到处玩这玩那一下啊，然后呢，那玩一下在小红书上的话呢。这样搞一下，那样搞一下，我会直接去呃说他一顿，然后呢，这样还把你们得罪了，哎，我觉得我年龄也大了，然后呢，我以后呢，还是当一个大哥哥好吧。以后也别当大哥哥了，以后我就是你们的大弟弟，行吗？同学们好了，所有的同学，现在如果你们能够听清的话，就给老师敲个一我们这节课就正式开始了哈。这节课呢，我们给大家讲一道真题的实战，首先大家来看一下这个题目，给定材料四提到我们将继续按照轻车与壮马。相结合的原则持续改进和创新工作模式，努力绘就基层治理新画卷。请深入思考这句话对执法工作的。借鉴意义，联系实际，自选角度，自拟题目，写一篇文章好，大家读完这个题目之后告诉我。拿到任何一个题目审题的时候，脑子当中一定要想它到底是单主题还是双主题还是多主题。各位认真的看一下，在这句话当中，它出现了两组非常重要的词，一个是轻车，一个是壮马。大家觉得轻车壮马，它是应该是单主题还是应该是一个多主题？轻车壮马的话，我觉得它是。双主题，双主题，各位它在考试的时候有两种考察方式，一种是AB类，一种是ABC类。大家觉得这个题目是在说AB还是在说ABC，如果是c就指的轻车壮马是指的某一个领域，如果是AB就是指的所有的领域。在这句话当中，轻车还有撞马，它是指的基层治理对吧？但是最后让我们谈的是执法工作。所以你会发现，他不管是在这句话当中，还是在后面的这句话当中，他都有一个明确的领域的。他最后请问大家一下，这个c是要说的是基层治理还是要说的是执法工作？哪位同学能够看出来，很多同学当年在考试的时候，这个题目是二五年安徽的题目，很多同学当时就跑题了，因为最后。大作文写作的时候，比如说还有40分钟要写800到1000字，十分紧张，非常慌乱，写这个题目的时候就写了一个基层治理。请问大家一下，如果在考试的时候，我们真的有的同学把这个题目写成了和基层领域。有关的内容，你觉得还能够给分吗？你这个时候就整个来讲就崩盘了，出来之后你背再多的模板，你写的再漂亮也没有人看了。记住这个题目一定要谈的是执法工作好了ABC，它的标题前半句应该等于对策，后半句应该等于影响。这个对策，请问大家一下应该怎么写这个对策当中要有轻车吧？这个对策当中要有壮马吧好，如果我只想用这两个词，前面加一个动词，后面加一个尾巴，把它搞定的话，你觉得应该加哪个动词？如果你就实在想不起来加哪个动词，你就记住了，这个世界上有一个国家，除了没事打伊朗，其他就是为了你的大草明写作存在的，,现在我们已经学到深水区了，大家如果需要就是刷题的话，你自己可以多刷一下题，有个同学刚才问我超大v在评论区里面，我看到了。超大杯呢，已经给大家准备好了哈，超大杯非常厚，基本上来讲呢，我在接下来我想把这个超大杯还有套题呢，就是一起给大家出来了，大约呢，要带着大家把。二一年到二六年，国考的题目基本上都要刷一遍，然后呢，再把二二年到二六年的经典的省考的题目再刷一遍。大家觉得可以不？大家觉得可以不啊，多少钱啊？就是哎呀，我的课就是99块钱，当然我我说这种话呢，你们别老是但是呢，批改的话呢，大概率要单收大家十块钱了。好吧，因为批改的话呢，服务器的成本确实太高了，这个大家能够理解吗？我我真的也不是说就是差这十块钱，因为大家人数太多了。就是我本来想九块九的，但是抖音的九块九还挂不了，我也比较麻烦，就是。我再算一下成本啊，反正大家也也就是这种样子，你要实在是没钱的话呢，就是你听错版课，我也不怪你，我给大家也说的是真心话，但是我给大家说99的时候，我真的没有卖财啊。我有说怎么怎么样，没有那个意思啊，我以前给大家说99有的时候开个玩笑，我就是希望大家99把这些研发好好的，我说我99给你准备了那么多材料，你也不备，结果呢，有的同学就说我卖惨，我卖什么惨啊？没有惨哈，咱肯定也不惨的好吗？大家就加把劲吧，好吧，老同学的话呢，才给你们优惠十块钱，不然这个批改的话呢？批改主要是我们用的是那个阿里云，它后面的那个大模型，加上我们自己的独特的算法。就是调用绿色，你们室内批改一篇文章的话呢，大要要在三到五毛钱的成本。知道吧，就是因为我们同学的话呢，往往你们现在批改呢，都比较往风里面批，就是很多同学呢，一个小题。批个好几次，哎呀，我真是也是真是服了哈，还有的同学的话呢，在那个咸鱼上拿着我的批改的话呢，到处去卖。各位，我求求你了，你你99块钱，你说你在我这边出了20多张答题卡，20多个摇摇乐，你再拿着我的皮改到处去卖。你这这个一批一个就是就是三五毛钱五位，对我这样一说，你又说我卖啥，我都不敢说了，反正我我就是那意思行不行？啊就就就是这个批改的话呢，我觉得你们就实事求是，我我真的在线做一个调调研一下，要不然的话我就干脆就不再批改了吧。大家觉得这个批改就是这些工程师，他们做的这件事情值不值十块钱，如果你们真的是你们就实事求是啊，没有关系，值不值十块钱？就是大约你想想大约30多道题，一道题呢，也就是三毛钱，我觉得差不多能值，如果你们真觉得不值，我就把这个批改取消了，我也把这个团队解散了，也就算了。真的，我就有的时候我也不知道怎么处理啊，因为我并不想收大家的钱，收赚大家批改的钱，因为这个本来就是一个增值服务啊。还有一个问题，就是我昨天嘛，应该在群里面给大家做调研的，反正你们。昨天的调研的话呢，现在一万多名学生呢，就是填的这个调查问卷，大家的反馈都是希望，比如说刷近五年同样的题量。尽量的把近五年的题目刷下来，而不是只刷二六年或者二五年的，这是你们的反馈，这是没有问题的吧？是不是就是如果比如说同样刷100道题，你是希望把这五年比如说国考的全部都刷一遍，还是只希望刷二六和二五两年的？各位，我看见大约是70%的同学给我的反馈都是刷近五年的，这个应该没问题吧啊，反正你们这你们给我说的啊，我都给大家准备好了的好吧？各位，反正你们就没事就刷吧。哎，就给大家说这么多了，爱久见人心，拜拜。面试界跳在评论区。爱过又问起。也许我们都已回到这次面对的幸福，是真的好爱你。因为太珍惜，所以才犹豫。忘了想把彼此抱紧，我不是了解，不能猜测你。疯狂的游戏需要谁追寻别人怎么说？我多么介意我爱不爱你就渐任性，曾一次和你换一个世纪。这一刻，呼吸有一地分离，跨进了春里，成为天。拜拜了啊。
9392fe4a49f97a2f595f5e9f092b254d,3064,6226.0,29474,对呀。你独自站在街角。脸上的伤还没消。你哭着对我微笑，这画面像一把刀。我跪着想听祈祷，给我勇气面对一切好不好？我却默默的让你转身走掉，走过你一直已不在这。放手去爱，不要逃。爱不是想要得到就能得到，谁赢谁输，你不再重要。能痛痛快快一场就好，放手去爱，不要逃。一辈子能拥起自己，会寻找有多少辛苦值得去炫耀。能看你一生幸福养老，这样就好。啊。哈哈哈。啊。跪着向天祈祷，给我勇气，面对一切好不好？无权懦弱的让你转身走掉。错过你已已不再重要，放手去爱，不让他。爱不是想要得到，终能得到。谁赢谁输已不再重要。能痛痛快快一生就好，放手去爱，不要逃。一辈子能有几次机会寻找？有多少辛苦值得去炫耀，能看你一生幸福到老。这样就好。放手去爱，不要逃爱，不是想要得到终能得到，谁赢谁输。已不再重要。能痛痛快快一张就够放手去爱，不要。一辈子都要记自己的寻常。天的小幸福，值得去炫耀。能看你一生幸福到老，这样就好。啊。啊啊啊。啊。啊。嗯。你独自站在街角。脸上的伤还没伤。你哭着对我微笑。这画的像一把刀，我跪着想听祈祷。我勇气面对一切好不好？我却默默的让你转身走掉。如果你已经已不再重要，放手去爱，不要逃。爱不是想要得到就不能得不到。谁赢谁输已不再重要，能痛痛快快一战就好。放手去爱。不要逃一辈子，能了解自己，会寻找有多少辛苦值得去炫耀。能看你一生幸福到老，这样就好。啊。啊。啊。同学们，我再给大家说一下，大家就是直接抖音的话呢，同步给大家抽这个摇摇乐和答题卡的，如果你还需要摇摇乐答题卡的话呢，就直接在抖音抽啊。为了鼓励你们听课，我也不知道用什么办法了，反正呢，这一轮还是给大家正在抽答题卡，你们如果需要的话，可以抖音同步抽一下答题卡。啊，有个同学昨天晚上给我发了个信息，说出了我20多个团体卡，20多个摇摇乐。也是挺好哈，兄弟，然后呢？好好的努力。行吧OK，另外呢，你你那个超大v的刷题，还有套题的话呢，一周左右也就给大家上线了啊，如果你们想继续刷题的，就直接跟不想继续刷题的。自己就多刷一些题，也是没有问题的，大家不要有拍课的焦虑好吧？好了，所有的同学可以把自己家乡的名字呢敲在评论区，让我看一下你们都是哪个地方的人，我们直播呢，马上也就开始了啊。我们直播也就马上开始了。啊。OK好了，我现在能够看清楚了哈。好嘞，所有的同学们，这节课我首先问大家一下，你们觉得这篇大作文难还是不难？哪位同学可以告诉我？这节课的话呢，这个大作文的话呢，是二六年国考地市的一篇大作文啊，很多同学的话呢，当年在国考地市遇到这篇大作文呢。是完全崩溃了的分论点，根本就找不出来，那我们今天带着大家来把这个题目呢做一下，我们看看能不能帮助大家把它搞定？好了，首先跟着我看一下题，给定材料五中提到多样性，蕴含着创造力，请你对此进行深入思考。参考给定材料联系实际自选角度，自拟题目写一篇文章，现在我问一下大家。如果我在审题的时候，我拿到这个题目，脑袋空白，我脑子当中审题，我的底层逻辑应该是什么？首先要把标题和总论点直接给确定吧，请问标题的前半句和后半句各应该是什么呢？标题的前半句，它应该是一个对策标题的后半句，它应该是一个影响同意吧，好了，这个时候。他在题干当中分了两个词，一个是多样性，一个是创造力，请问大家一下多样性，你觉得是对策还是？还是影响哪位同学可以告诉我，多样性是对策还是影响多样性，我们觉得它应该是一个。对策一起把它搞定。OK，再来看一下创造力，它是对策还是影响？我们把它分一下创造力，大概率应该是一个影响。同意吗？那么我们这个时候要想把多样性变成一个完整的对策的表述，大家能够想到哪一个词？同学们，可不可以来告诉我呢？我反复给大家说过多样性，如果说你想不到一个合适的动词的话，你脑子当中一定记住世界上有一个国家。它之所以能够成立，能够存在，除了为了打伊朗，就是为了你考公务员，记住了以多样性，前面加一个动词，后面加一个尾巴。加哪个尾巴以多样性破题，一起把它搞定。OK，然后对创造力有什么好处？哪位同学可以前面加一个动词，后面加一个尾巴呢？我们就直接写会就。创造力。新图景，一起把它搞定，谱写创造力。新篇章都是可以的，好OK，那我问大家一下，如果在考试的时候，我们不想给别人一样。这个时候我有没有教大家替换呢？以多样性，我之前给大家讲过一个为钥钥匙的钥。啊，我之前叫你们在理论阶段就背了很多。开启。创造力后面加一个尾巴，你觉得加哪一个尾巴开启创造力心门？大家现在能够听懂吗？你看啊，多样性蕴含着创造力啊，就是因为这句话，有同学在评论区打出来说他搞反了，你认真的理解一下。是不是就是应该我们在做了多样性的情况之下，才会有创造力啊，大家同意吗？就是我们先要保持多样性。先要做多样性，然后才能够产生创造力，创造力，创造力，你想它不是一个它不是一个最终的结果吗？他一定要先有多样性，再有创造力，千万不要搞反了，他之间的逻辑关系好了，那我们呢？带着大家。问，大家一下，如果我们找分论点的话，大家觉得分论点的角度是什么？哪位同学可以告诉我？分论点的角度是什么？分论点的角度，一是对策，二是影响。一是对策，二是影响。请问大家一下，这个对策你们觉得到底是应该怎么把它搞定？这个对策和影响，如果我们只找一个的话，在考试的时候是找对策还是找影响？是找对策吧，找对策我之前给大家说过，基本上来讲的话，我们就有三种方式，第一种是。谁来搞多样性？第二种是怎样搞多样性？第三种有没有同学记得是哪一个？谁来搞怎样搞？还有搞哪方面的多样性，大家现在还记得吧，我曾经理论阶段给大家讲过这个吧，好，那没有关系，如果说大家这三个都忘了。也没有关系，我们就直接扎扎实实的去找对策对策，请问大家一下，到材料当中主要找什么样的词语？对策是不是主要是找动词，再加上一个事情也就可以了，那么这个对策我们在考试的时候。请问是主要找什么？主要找什么？如果最快的就是看手段，就是看尾段。除了看手段，还有尾段，还有可以进行粗读，这个粗读就是断首句，断尾句，高频词，关键词，关键词，还有相关的主体。对吧，那我们先带着大家来看一下这句话的出处，多样性蕴含着创造力，是应该怎么把它搞定的？大家来看一下多样性，蕴含着创造力。大家来看一下啊，多样性蕴含着创造力。大家来看一下多样性，,然后呢？说每天的话呢？都睡不着觉，各位以后别在我直播间里面再刷这种评论了，抖音会给封号的。这这个工序良俗行吗？你们已经不适合了，过去也就过去了，告同学，我今天我这段话是跟你说的，哎呀，不要觉得以后找不到那么好的人了，各位以后照样能够找到那么好的人。上节课我就跟大家说了，你别说你找不到这么漂亮的人了，你找不到这么帅的人了，各位。你们知道杨幂有一个老公，这个老公叫什么名字？我之前的话呢，我还跟她老公认识过，叫什么来着？杨幂之前有个老公，他都不要了，是叫刘恺威是吧？各位，我一开始我觉得杨幂嫁给刘恺威，我当时就不服，我觉得杨幂至少应该嫁给我这样的那么帅的吧。各位，我觉得为什么要嫁给刘恺威的话呢？一点都不帅，为什么要嫁给他？明明我又有才华，又有颜值，干脆就嫁给我。我也是在北京，为什么要嫁给一个香港人呢？各位，你们知道吗？有一次我坐飞机去香港，哎呀我的妈呀，我和刘恺威坐在一起，我那次的话呢，为了装逼买了个头等舱，结果呢，和刘恺威撞在一起。各位，我才知道什么叫人外有人，天外有天，我当时就觉得这个刘恺威长得太帅了，我当时就心想杨幂是咋回事啊？你你就没有发现刘恺威的帅。兄弟们，就你会发现啊，我跟你说一下，这个世界上帅的人好看的人太多了啊，很多人的这种身材颜值。真的就是是没有止境的，你现在只是一个井底之蛙，你见识的少了一些，你不要天天漂亮不漂亮，帅不帅的？那连刘恺威这样的男人都会被他老婆甩了，你还你被戴个绿帽子又有什么了不起的呢？是不是这你比刘恺威你你身高没有刘恺威高，你颜值也没有他好，你不就带了绿帽子吗？无所谓。那总比你结婚之后就是有了一堆娃，然后呢，又离婚了好一点吧，所以不合适的，在结婚之前分手，其实上天是对你的恩赐。你想想要一旦面临婚姻的破裂，其实更难过，行不行？同学们，记住我跟你说的话。在你遇到不顺的时候，不管是学业，工作，爱情，记住我说的话，专注自我，向内求索，专注当下，专注生活本身，能量和好运。像圣斗士星矢一样，就会有小宇宙在你身边悄然聚集，并且在某个时机给你惊喜的。好吗？同学们好吧，也就给大家说这么多了啊，小爱同学嗯，播放成都。好呀，想爱和你一起欣赏音乐会员，尊享歌曲赵雷的成都。啊。让我掉下眼泪的，不知昨夜的酒，让我依依不舍的。不止你的温柔，比如还要走多久，你攥着我的手，让我。感到为难的是挣扎的自由。分别总是在九月，回忆是思念的愁，深秋嫩绿的垂柳亲吻。住我额头再那么久，已与你相称。我从未忘记你唱歌带不走的，只有你。和我在成都的街头走一走，如果我不知道。所有的灯都熄灭了，也不停留，又挽着我的衣袖。我会把手揣进裤兜，走到玉林路的尽头，坐在小酒馆的门口。嗯。灭世界。
8804e2e85eb85296581696cda534761d,3457,7068.71,34247,"痛苦痛苦的哀愁，冬天曾经走过风来更寂寞，我们能留下的其实都。没有没有，我有特别沧桑的姑娘，就让我等太久。假装我很痛。其实我真的很怀旧。而且也很痛。小爱同学播放囚鸟。好的，小爱想陪你一起听不言歌曲，彭羚的囚鸟。我是被你囚禁的鸟，已经忘了天。嗯。如果离开你给我的小小城堡，不知还有谁能依靠？我是被你囚禁的鸟，得到的爱。远看着你的笑，在别人的眼中燃烧，我却要不到一个。我像是一个你我有可无的影子。燕子在寂寞，交换着悲伤的心事，来不及流醒。谁的泪滴滴滴。眼泪是唯一的剩下。我是被你囚禁的鸟小爱同学播放漂洋过海来看你。好呀，想爱和你一起欣赏音乐会员，分享歌曲孙露的漂洋过海来看你。嗯。为你我用了半年的积蓄，漂洋过海的来看你。为了这次相聚未见面时的呼吸，都曾反复练习。言语从来没能将我的情意表达千万分之一。为了这个遗憾，我在夜里想了又想不该睡去。记忆它总是慢慢的累积，在我心中无法抹去。为了你的承诺，我在最绝望的时候都忍住不哭泣。陌生的城市啊。熟悉的角落里。也曾彼此安慰，也曾相拥叹息，不管将面对什么样的结局。在漫天风沙里，望着你远去，我竟悲伤得不能自己。多盼望送君千里，直到山东抖音同步给你们抽摇摇乐和答题卡的啊，如果大家需要摇摇乐答题卡，你就直接在抖音上同步抽一下好吧？哎，很多同学说抽了我20个摇摇乐，20多个答题卡。哎呀，我想想这也不少钱啊，兄弟们，反正呢，你你你想抽你就抽吧。小爱同学暂停。小爱同学暂停别唱了好吗？然后呢？我要讲话了，你还在唱，一点都没有情商，你跟长沙那个女公务员去霸占别人的车位一样，这是我的时间了it's my time。it's not your time,please,okay?啊，同学们，我给大家说一下啊，就是那个申论的批改的话呢，我看了一下，我觉得呢，这个算法呢，还不够好。就说因为你们的批改呢，我都看了，我想给大家呢，再把算法再升级一下。下周的话呢，再给大家呢升级一下，你再重新再批改一下，大家觉得行吗？就现在这个批改的话呢，我觉得获得感还没有那么强啊，我再给大家再升级一下。你们稍等一下行不行？然后呢？你们现在写完了东西呢？不要扔呃，留着下周的话呢，再进行一个扫描也就可以了。行吧，因为我一直重视大家的反馈，因为大指纹的话呢，我之前就给大家说了，他写作的可能性实在是太多了。所以这种东西呢，我还是把算法再升级一下，就是能够结合你们本身写的文章，把你们在你们本身写的文章上就是进行一个优化。就是进行一个个性化，大家觉得可以不就是而不是在我给你的范文的基础上进行一个优化，而是要在你本身的基础上能够逐字逐句给你批改。它和小题呢呃批改算法不完全一样，所以希望大家能够理解行吗？行的话给老师敲个一。这几天的话呢，大家先给我发一些基础的写作的方法和技巧，学会我觉得这个是最重要的，你每次听课之前呢，就是能够把分论点自己给我找一下也就行了。下周给大家呢，升级完算法之后，我们会统一开放在群里面呢，提前给大家发通知，大家觉得可以吧？啊，提前给大家发通知，然后呢？因为这个算法的话呢，它的模型啊，实在是太多了啊，实在是太多了，兄弟们。好了，带着大家一起走一下啊。啊。黑龙江地，你们都是哪个城市的？可以把你们具体的城市的名字敲在评论区，让我看一下大家城市的名字好吧？你看来自这么多的地方啊。牛好。哎呀，还是互联网创业好啊，你要是搞一个线下的班，你想想一下子怎么能够集齐这么多的地方？还有大同的没有西安的吗？我们在西安有一个基地班啊，在西安的那个基地班呢，我提前给大家说一下，7月14号开课啊。然后呢？如果你不放心的话，就是已经报了西安基地班的同学呢，11号12号13号就可以到那免费住着，然后呢？试听三天，觉得好呢，就跟着走，觉得不好呢，一分钱都不收，直接把你钱。全部给你退掉好吧，就是十一十二十三就在西安有个古城墙啊，结果的话呢，昨天晚上还有个同学跟我说他想去西安旅游，能不能免费住三天，我的妈呀。你这个真的会找漏洞啊，你这又是占我车位是不是？好吧，我们在西安这个极地湾的话呢，还可以啊，反正大家如果去，如果已经报了名的，你就一定记得去好吧？好嘞，所有的同学你知道吗？我现在觉得我还挺有名的，我现在到很多地方啊，我上次到大连你知道吧？哎呀，真的在大连每一个旅游景点好像都有我的学生能够认出来，我真的啊，有个同学他就直接上来喊我袁东老师，我当时呢，一下子没反应过来，愣了一下，然后他还以为他喊错了。因为呢，他天天看的是美颜的园中，他没有想到真实的园中还是什么样子，他不完全能够对应上去，结果的话呢，他就有点模糊的感觉，就觉得我是园中，他上来一一下子还。说东哥，然后呢？我当时一下子愣了一下，我还在想他是谁呢？然后呢？我一下子没有想到是我的学生啊，然后呢？他也愣了一下，然后他说我我不会喊错了吧？哦哦哦，你是东哥哈哈哈呀，他说你一说话那种浓浓的山东口音，我就听出来了东哥。哈哈，好了，当师傅呢，我在看那个，一个是在大连，有一个叫威尼斯水城吧，我还请他吃了一个冰激凌啊啊，还有她男朋友，我们三个人一起快快乐乐的。吃了一个冰激凌好了，所以有的同学大家现在呢，如果能够听见的话，就给老师打个一我们直播呢，就马上开始了哈，这节课我们还是给大家。进行大作文的实战的讲解。这个大作文的实战的讲解的话呢，这个题目。我问大家一下来看一下，你们觉得它是应该是单主题双主题还是多主题给定材料四中提到我们就是要把每件小事都做好。让阳光照亮城市的每一个角落，请深入思考这句话，参考给定材料联系实际，自选角度，自拟题目，写一篇文章。各位认真的看一下，一共只有两句话，这是第一句话，这是第二句话，在审题的时候一定记住了，袁东老师像一个大哥哥一样，站在你身后。标题的前半句应该等于什么？是不是等于对策标题的后半句？是不是应该等于一个影响啊？对策，请问第一句话是在说对策还是第二句话是在说对策？哪位同学可以看出来？是不是大概率是第一句话是在说对策，第一句话是在说对策就是做好每件小事，那我就直接把它写下来，我可以写成做好每件小事。也可以写成办好每件小事，大家一起把它写下来好，然后它有什么好处，或者是影响呢？它的好处或者是影响就是。照亮城市角落，大家把照亮城市角落给老师打开评论区，做好每件小事。照料。城市。角落哎，咱们也就把它搞定了，做好每件小事，照亮城市角落，一起把它搞定好。好了，当你把这个搞定了之后，标题搞定了之后，下面最重要的是要找什么？哪位同学可以告诉我？就是标题搞定了，就代表我们框架的总论点搞定了，",多么痛的领悟，实际上我是最知道这件事情的。我当时是觉得我们成立一个小家庭，然后呢？是吧？我有钱，你有职位，而且我考个中央部委不就是手拿把枪吗？你别着急。后来的话呢，他把我斩了，斩了之后的话呢，就是后来到了第二年，结果我那个4000多万的股票还没有给我套现，我就生气了，我又考了一个国家广电总局。我就去找他了，我去找他，你猜他跟我说的是什么吗？大家知道他跟我说的是什么吗？他跟我说我不想找一个同事。我说为什么？我说你以前不是说我要进入体制内的吗？啊，我现在要进入体制内来找你了，他说因为在部委的话呢，一个男的没有什么出息，这些同事呢，我现在跟他们在一起，我觉得他们都没有钱，不好。于是呢，我又退了，兄弟们，我又退了，我退了之后的话呢，各位结果的话呢，那我说我现在还是在这家机构好好的干吧。是吧，然后呢？挣钱嘛，然后结果这家机构第二年上说明年就上市，又失败了，所以。我就没戏了。什么叫舔狗？什么叫一无所有啊？多么痛的领悟，你是我的全部。真的，兄弟们，最后你会发现就是舔狗一无所有啊。是吧，到最后的话呢，那你现在怎么样？哎呀。他又来找我，他又说，哎呀，我现在想想你还挺好的，我估计他就天天在抖音直播间里面数我卖了多少个99，发现我的99卖的人也挺多的。是吧，他数了我的99，他现在说我人品好。我就直接跟他说了一句话，我说哎呀，其实我想了一下。我们俩呢，也不太适合在一起，就是跟你的那段时间里边的话呢，我一直啊，就是各方面也不太好，经济条件也不好。我之所以现在有了一点微薄的收入。哎呀，也是在某个时间阶段里面，突然就起来的，我大多数时间都是不行的，不管是啊，金钱还是什么，你所谓的职位都是不行的。所以我们即使走的话，当时在一起了也没有办法能够坚持下去，大家现在能够听懂了吗？各位，我再跟你说一下。大家把这句话记在评论区，你爱的人。在你的前途里。你的前途里站着你爱的人，相信我的话好吗？同学们，别再难过了好吗？记住我跟你说的话啊。在所有的勇气里，如果你现在一无所有的话，我最喜欢破釜沉舟，背水一战，那种没招了，硬着头皮干的感觉。太爽了，我称之为大运前的核心装备好吗？小爱同学对。播放愿得一心人。为你播放包含愿的一心人的古诗小小爱同学播放李行亮，愿得一心人。好的，小爱想陪你一起听会员歌曲，李行亮的愿得一人心，该歌曲来自天飞音乐。啊。曾在我背后小小阶层里的那个人陪伴我漂洋过海，经过每一段旅程，隐形的稻草人守护我的天。总以为爱情能让未来只为一个人关了灯，依旧在处处角落的那个人变成过许多年来纪念爱情。的表面消失的那个人回不去的，今天忘不了爱过的人，才会对过往。认真只愿得一人心，白首不分离。这简单的话语，需要巨大的勇气。没想过失去你，只是在骗自己，最后你深深藏在我的歌声里。只愿得一人心，白首不分离。这清晰的话语，嘲笑孤单的自己。当我能见到你，却一直骗自己，依然你听不到我唱的这首歌，我想唱给你。嗯嗯嗯。
ace941d73500b200ba644757868f20d6,3078,6433.37,30296,先试一下翻页笔热个场好吧，小爱同学嗯，播放向天再借500年。好的。嗯。啊。啊。你。嗯。小爱同学，大点声。温柔的曲线换我爱的中原爱的你。江南一路都是清风一路。情的陪伴，这是从此以后的金色的画面，我的眼睛里不再有否认和。去前行好情不变，人不比女人做人，有苦有甜，善了分开，两边都会梦中的。明天他天天成长。岸旁边我流过山，我站在关口的前进，我出是我先走了。血染的世界。我真的还想再活500年。你做人也一样，爱你做人和我今天心好，情不变，恋佛一面，你做人有。天上的魂开亮又魂回梦中的明天啊。寻找你旁边那座山，我站在断头楼静静默听。只是无声中，却是无人间。我的心里。我真的爱像在呵护百年，我真的爱像在。我孤独百年。嘿嘿嘿。啊。嗯。爱一个人可以爱多久？心疼到哪里才是尽头花瓣雨。像我。小爱同学播放唯一爱过你。好的，小爱想陪你一起听会员歌曲，金玉儿的唯一爱过你。啦啦啦。昨夜温存，不该相遇，真心付出，难逃结局。爱到深处，只剩回忆在脑海之中翻来覆去。两个世界都已远行，孤单依然仍在痴迷。相遇容易，相守是难题，我爱你需要太多勇气。我走的路上全部是你今生今世最爱的人，是你又怎相逢？遇上了你，成为我这一生的唯一，我想你，爱你，无法放弃。就算输掉全部，我也愿意。可怜可叹，可悲可喜，此生唯一爱过的是你。小爱同学暂停那个抖音上同步给大家抽这个摇摇乐和这个答题卡的哈，大家很多没有答题卡的。正好你们来APP听直播的话呢，我就给大家搞了这样一个活动，你可你们可以同步在抖音上出这个。摇摇乐抽这个答题卡，现在正在给大家抽答题卡，还有一分钟开奖行吧？哎呀，为了让你们能够参加直播，我也是想尽了一切办法。反正呢，就希望大家都能考上吧，行吧？OK，这个大作文的话呢，大家不用怎么预习啊？大作文的话，我觉得大家最重要的，你只要在这个阶段能够把总论点，还有分论点自己找出来也就可以了。好吧，这个大作文最重要的是把总论点分论点给我找出来，我觉得也就够用了啊，好了，所有的同学，大家如果能够听见的话，把你具体的城市的名字敲在评论区。让我看一下大家都是哪个地方的同学，这个互联网的创业呢，有的时候也是非常好的哈，你可以很短的时间之内能够认识到全国各地的同学。好吧OK，我大体看到了所有的同学，非常感谢大家，我是袁东给大家呢，正式开始今天的直播。今天我们要给大家讲一道非常重要的题目，这道题目呢，是一个大总文的题目，大家来看一下。给定材料四中提到，我们应当把更多精力投入在种树，而非静待成熟在摘果。请你对这句话进行深入系统的思考，联系实际，自拟题目写一篇文章，我现在问大家一下，大家觉得看完这个题目。你觉得它是一个单主题，还是一个双主题，还是一个多主题？同学们，抓紧时间告诉我一下。这个题目你如果看一下的话，它就是而非而非，它是基本上来讲，而非静待成熟再摘果，我前面给大家说过的。如果大家在考试的时候遇到这种表达，我们如果只能保留一句话，是保留正面的表述，还是保留负面的表述？大家哪位同学能够告诉我是保留正面的表述，还是保留负面的表述？是不是要保留？正面的表述对吧？也就是那正面的表述，我问大家一下，咱们一开始阅卷的时候，首先要看我们的。总论点还有分论点是否正确？总论点它应该等于什么？哪位同学能够直接告诉我。总论点我反复给大家说了，它就应该等于标题吧，标题的话，前半句应该写什么？前半句是不是应该写一个对策？后半句应该写什么？应该写一个影响大家同意吧？好了，那么我问大家一下对策，对于我们来讲的话，你觉得题干当中哪个词是在说对策？有没有同学能够看出来是第一句话在说对策，还是第二句话在说对策？我来看一下，我们应当把更多精力投入在。种树投入种树，大家看这明显的就是在说一个对策，所以我们要把种树。写在前面，大家把众数写在我们的对策里面也就可以了，当然可以加一个引号。那么我要把它变成一个对策，前面加一个动词，后面加一个尾巴，大家觉得应该怎么加？哪位同学先告诉我。先不要想那个万能的，尽量的想一个个性化的，我们可以想深耕种树之道。一起把它写下来，深耕种树之道。哎。深耕种树之道，请问大家一下，它有什么好处？它有什么影响？你看啊，你这个更多精力投入在种树。不要啊，静待成熟，最终呢，你是更多精力种熟之后，你摘的果，而不是静待成熟之后再摘的果。所以我们最后的结果或者是影响一定是摘果，各位这个摘果的话，前面加一个动词，后面加一个尾巴，大家觉得你会写成哪一个标题？比较合适深耕种树之道，哎，我就想起来袁东老师给我说的谱写。摘果。新篇大家觉得可以不深耕种树之道，谱写摘果。新篇大家觉得可以啊，这个是非常重要的。深耕种树之道，谱写摘果新篇。好了，所有的同学。这个大家觉得可以过的话，就给老师打个过，记住这个题目，我最怕大家审题的时候出现偏差，它是这个题目整体它是在说。投入到种树上去摘果，而非静待成熟再摘果，所以种树和摘果它不是双主题。现在听懂了吗？种树它是指的对策，一静待成熟，它是指的对策，二。但是这个经在成熟不重要，最终结果它是最后指的一个影响，现在觉得可以过的话，给老师打个一，但是我们拿到这样一个题目。他如果是在材料当中的话，你尽量的还要看一下材料当中的出处，这个时候就会更加保险一些。那么，另外一个一开始的时候定总框架，除了找总论点，还需要找什么？哪位同学可以告诉我？还需要找分论点吗？大家能够同意吗？还需要找分论点吗？那么分论点的话，我请问大家一下。首先，分论点的角度是指什么？哪位同学可以告诉我？分论点的哎，自选角度角度是指什么角度？永远是指两个，第一个是对策，第二个是影响，这个没有问题吧？第二个我问大家一下分论点的来源，大家觉得是指什么分论点可以来源于什么分论点可以来源于题干吗？好了，请问大家一下这个题目题干能不能直接找出分类点？你会发现其实这个题目要找分类点的话是找不出来的吧？那么，我问大家一下。分论点还可以来自于所在材料吧。,怎么侮辱说你不好好学习，你将来就只能上人大，你活该上人大。是吧，你就只配上人大就就人大附中老师就这样对学生说，真的兄弟们，然后的话呢？这个就搞成这个样子，结果他家小孩483，你们知道今年人大附中考了多少分吗？考了486分。就能上人大附，就差这三分，但是正在悲伤的时候，北京市幺零幺中学。人家就直接给他打电话了，说你来我们这边吧，直接加入我们这边的实验班。直接加入我们的这边实验班就是重点班，北京幺零幺中学的实验班考清华北大的概率也非常的大。兄弟们，一家人开开心心，上午出了成绩，下午直接打电话签约，直接去了幺零幺中学，你们知道幺零幺中学是谁的母校吗？我不方便说，因为。我的抖音会封号，因为我们这个直播间也会封，是很重要很重要的那个人的母校。兄弟们，就是幺零幺中学人家就去了各位，然后我这个同学，哎呀，在这边说东哥，他说我这几年的压抑。随着儿子今天这个事情一落下，我基本上来讲，哎呀，一下子就释放了。我当时的话呢，隔着屏幕在这边给他发微信，各位我流泪了。哎呀，我流泪了，我就想想我家的小孩，哈哈，我就想想我家的小孩，我就跟他说，哎呀，我家小孩将来长大了，要能像你家小孩一样，我就幸福了。各位同学们！真的真的。现在你们是儿子，你们是女儿。你们的父母为你担心，然后呢？将来呢？你们也会有自己的儿子和女儿，你们又会变成你们的父母。各位。我就跟他说了。不要压抑。你的话呢，该爱陌生，爱陌生，美国的企业早晚会被中国企业搞倒闭。你早晚会日落西山，你早晚会就是退休，但是今天这件事情对你儿子来讲，他是新一轮五六点钟的太阳。它是人生的当中一种接力，它的意义比你一年多挣100万，200万，300万更有意义。哎呀，而且你知道吗？我这个同学，他的爸爸妈妈我都认识，那个时候上高中的时候，他的爸爸是领导，他的妈妈是我们那边机关幼儿园的园长，长得很年轻，很漂亮。后来我去他家，现在他妈妈老了，我都认不出来了，各位，但是今天孙子考上了，特别开心。兄弟们，把这份好运传递给你们，我希望大家也能够接好运吧。行不行？人生当中啊，没有什么是圆满的事情，如果你的父母或者你现在正在经历那样和这样的一些不开心，就在经历这样或那样的一种压抑。我也希望大家能够在自己的这种道路上，道路上能够坚持的走下去，能够坚持的拼下去。拼它个柳暗花明，拼它个上岸吧，同学们把面试卷打在评论区好吧，趁排名未定，趁现在刚好。只有坚持别人无法坚持的坚持，才能拥有别人无法拥有的拥有天赋，可以让一个人闪闪发光，但是努力也能光荣与梦想千篇一律。自律与忍耐，万里挑一，真正能让你走远的，从来都是积极。自律与勤奋，没有醒不来的，早上弄不懂的题目，熬不过的迷茫，只有你不敢追的梦。你能够坠落深渊，也同样可以重回你的位置，熬得住就出中，熬不住就出局，你的心境还在，所以没有理由停下。祝愿大家梦想成真，等我们灭世界，同学们，小爱同学，我在播放一路生花。好的，小爱想陪你一起听会员歌曲，文艺新的一路生花。天上的晚霞像年少的狠话扑在天空，等海鸥先走它。遥远的散人风浪太大，为梦再痛也不会害怕，远走流沙去谁的。天涯重天可分在哪？一季度摊时间的手拂过了脸颊。看不起沉默不说话。
3070b7c4affa0785d6aa81a88add65c9,1570,3427.01,15324,还是给大家试试这个手写笔好吧？小爱同学在播放七里香。好呀，想爱和你一起欣赏音乐会员，尊享歌曲周杰伦的七里香。啊。窗外的麻雀在电线杆上多嘴，你说这一句。很有夏天的感觉，手中的铅笔在纸上来来回回，我用尽最。形容你是我的谁，就爱你的滋味，那遍你我不想了解你初恋的香味。就这样，被荒凉人寻味，那温暖的夜阳花香，两天月藏在你手一笑，我的真。代表着一种感觉，你身边的我。爱你就像江山年少，原子落叶伴着我的思念，厚厚一叠几句承诺。也无法将我的热情冷却你出现在我诗的每一页去身边。我的爱溢出就像雨水，窗台，蝴蝶。相信你给的美丽照片，我牵着手，你的永远爱你是天生的，绝对一生我唯一。逍遥的眼泪。哈哈哈。你相对我的爱溢出就像雨水。你走了，我的思念厚厚一叠，几句是非难过才叫我的热情燃烧。你出现在我诗的每一页，忘了我们的大声。进不了这个季节，而你的脸颊像田里熟透的蕃茄你。音乐。我说情已相认一，此刻却只想亲吻你，却找不出与相见。我的爱溢出就像雨水院子落叶。我觉得。爱我是我的妹妹，求你给我的爱。一出就像雨水，穿透了像是你完美的美丽，就这样重现。永远爱你，写进诗的结尾，当你守护唯一想要的了解。啊。啊。嗯。啊。等你。关于你好的坏的都已经听说，愿意实现的是我。没有确定的，以后没有谁祝福我，反而想要勇敢接受，爱到哪里都会有人犯罪。希望错的不是我。其实心中没有退路可守，跟着你走，跟着你走，我们的故事还有。的结果也多的值得，还有半天不够，一夜没有结果。不用你说，我没了承诺，我可以对自己承诺，我们的故事爱就爱到值得。错也错的值得。小爱同学暂停。好了，所有的同学们，你们知不知道刚才那首歌叫什么名字啊？我们的故事爱就爱的值得，错也错的值得，这是这个原因啊。我们的故事爱就爱到值得错也错的值得，你看我这个弯儿多牛逼啊，我靠。我有的时候觉得，哎呀，老天爷，我要不是教申论的话，我要是唱歌的话，哎呀，那我这个歌声的销量得卖多少钱啊，同学们？是吧，好了，大家都是哪个城市的？可以把你们的家乡的名字强调评论区来告诉我一下，你们是哪个城市的好吧？看看大家是哪个城市的各位，我们今天的话呢，给大家要讲的是大指纹的理论的最后一节课叫大指纹的结尾。你们觉得大水分的结尾难还是不难？然后呢？我们带着大家来看一个题目，大家知道难和不难了。好了，我现在问大家一下，如果在我们考试的时候。这个是我们大作文的开头，我们如果想写一个议论文的结尾的话，你们觉得它如果符合四个字的话，这四个字大概率是哪四个字？同学们一起打开评论区结尾和开头，最好要实现首尾呼应，大家把首尾呼应给老师打开评论区。首尾呼应，这是非常重要的，就是我们中国人啊，往往讲佛道轮回，你如果能够让你的结尾和你的开头呢，实现一个首尾呼应，当然就是一个很牛逼的事情了。所以我们这节课先给大家教一个个性化的写作的方式，带着大家写一个个性化的结尾，那如果你想做到一个首尾呼应的话。大家还是要把开头进行一个切分好了，我问大家下治国有常而利民为本，它在我们考试的时候属于写作的哪一个技巧？哪位同学可以告诉我，治国有常而利民为本，是不是涉及到名言警句啊？好，那我们就把这个名言警句写到这个地方。这个名言警句有治国，有常而利民为本，这是指的哪一个领域的名言警句？哪位同学可以告诉我是不是指的民生领域啊？民生领域的民言警句呢？大家只要打卡的话。取就是你们考试可能考到所有领域的民间景区，我都给你准备好了，到时候你可以统一领取啊，大家一定坚持打卡。名言警句，大家看治国有常而利民为本，它涉及到民生领域，那我就想到一个。名言警句。民为。邦百。还有本固。邦宁一起把它搞下来，你看这个就是我们的名言警句，各位民为邦本本固邦宁，请问大家下，你觉得可以呼应吗？可以和？治国有常，利民为本。呼应吧，是可以的吧？那如果在考试的时候，我万一这两个名言警句倒过来，大家觉得。能不能得分，依然可以得分，而且依然能够得可以得高分，第二个大家再给老师看一下。无论是保障灵活就业群体，安心就业还是保障疫情期间群众生活物资，都展现了国家对社会保障的重视。请问大家下这句话，它是在说一个什么要素？哪位同学能够告诉我，无论是保障。灵活就业群体，安心就业还是保障疫情期间群众生活物资都展现了国家对于社会保障的重视。是不是主要是在说社会保障的影响啊，或者社会保障的重要性啊，所以大家第二个如果我在结尾的话，我想写一个影响。或者是重要性好了，这个影响重要性写的时候脑袋空白，你如果想把它写出来的话，你应该想写哪个词？的影响，请问大家一下要写哪个词的影响？是不是要写社会保障的影响？所以大家一起写。社会保障。OK，请问一下，我所有的同学们，我要写社会保障，写影响的话，我没有话说了，你没有话说，一定要想到。对谁有影响？大家把对谁主体分析敲在评论区，这个主体分析在你写个性化的影响的时候是非常好用的一种方式。对谁呢？那当然是对于国家有影响，对于国家有什么影响呢？社会保障是治国安邦的大问题。一起把它写下来，是治国。安邦。的大问题哎，我就可以把它搞定了，你看这样我就做了一个呼应好了，大家再来看一下下面一句话。社会保障是人民群众最关心，最直接，最现实的利益问题，事关国家发展，人民幸福。请问这句话是在说哪一个要素？有没有同学能够告诉我，社会保障是人民最关心，最直接，最现实的问题，事关国家发展，人民幸福。是不是又再说一个影响啊？就是来了一个加强，那么这个影响，请问大家一下，如果对于我们来讲的话。我们就是要写什么？还是要写社会保障吗？但是为了重复，为了防止重复，我可以稍微的把它变换一下，我就直接写。后面，致密社会保障网稍微提提前一下致密。,也就给大家讲到这了，大家下面在评论区打出来一个字，打出来一句话，这句话叫不被是小狗。好吧，叫不背是小狗，希望大家能够认真的背一下哈，没有人知道你花了多长时间，经过多少艰难才重新找回内心的平静。每个人看似热气腾腾的生活，都隐藏着自己才了解的酸楚。那些你不能发在朋友圈以及无法与家人诉说的那些你默不作声却暗自消化的。各种情绪才是你真正的生活，很喜欢一段话，你不会的东西，觉得难的东西一定不要躲。先搞明白后精战，你就比别人更加优秀了，因为大部分人都不舍得花力气去钻研自动淘汰，所以你执着的努力就占了大便宜。勇气是老天爷给我们这苦难而又平庸的人生最大的礼物，你只有做到心中无敌，才有可能做到无敌于天下，千万不要惧怕这个世界上的任何一个人，管它是达官显贵。还是富甲一方深入了解后，你会发现至少一半是草排班子，很多人的失败就源于所谓的恐惧，觉得自己背不下来。天天怕这个怕那个，怕父母责怪，怕同学嘲笑，怕白白忙活，一场一生都活在这，怕那怕当中一直都走不出这个阴霾，郁郁寡欢。惶恐不得终日做事业，就要做到勇者无惧，认真的去背吧。当然，做人也一定要时刻保持一颗谦虚敬畏之心。人生在世，无论努力求学，交往朋友，拼搏事业，闯荡江湖，假如没有敬畏之心，其实很难在社会上立足。恐惧和焦虑会逐步蚕食你。作为一个英雄的智慧格局面，相思维能力等有百害而无一利就现在立刻马上丢掉恐惧和焦虑。怀着一颗谦虚敬畏之心，大胆的向前冲，莫回头，各位理论结束了，大家给我好好的背一背。求求大家了，今年大家觉得你大指纹光买这个研发值得的话，打个一不值得的话，给老师打个二。各位大作文的这个研发我真的费了很大力气，很多人的话呢，攻击我们说我们是模板，但是。最重要的是，他们连个模板都准备工不过来，没有几个老师能够像我一样给大家把这些素材准备的这么细致，这么入微。你想个性化，我从来没有拦着你，你但是你如果说实在水平不行，你写的东西还没有模板好的话，你就用模板在模板的基础上，你结合豆包稍微改写一下。改写成只适合你一个人的模板，这不就叫个性化了吗？现在大家听懂的话，给老师打个一好好的背一下。求求大家了好吧，求求大家了。你甚至。没有喊我一声教父oh my god是吧？oh my god小爱同学。播放明天会更好。好呀，小爱和你一起欣赏音乐会员，尊享歌曲，记得打卡啊，打卡零十大热点话题的素材。嗯。嗯。嗯。嗯嗯嗯。轻轻敲醒沉睡的心灵，慢慢睁开你的眼睛，看看忙碌的世界是否依然。孤独，你站个不停。春风不解风情吹动少年的心。当昨日悲伤的泪痕随季风干了，抬头寻找天空的翅膀，不要出现太一起。带来最初的计划，无尽的战火依然存在的消息。余生白雪飘零，燃烧少年的心是真情融化成音符。轻诉遥远的祝福。唱出你的热情，伸出你的双手，让我拥抱你的梦。让我拥有你真心的面孔。让我们的笑容充满着青春的家。我明天献出虔诚的祈祷。谁的孤？
711742163ca2b5c4c3296628b02b67e3,3309,7143.26,32132,公平。的回忆。你床边的卷起头发残酷，那说明。缠绵的爱比不上遗失的高兴。耶耶耶。你的多情出卖我的爱情，给了我的命运，我埋了一个世界，却换来灰烬。哦，你的绝情出卖所有爱情好梦，一下子清醒。感情像个闹钟，按一下。就停。那么多年的遗忘形闭起了眼睛。还以为落进一块安稳的水晶。你窗边的陌生眼底，残酷的说明内心的爱比不上胸膛的温馨。啊啊。你的多情出卖我的爱情，赔了我的命，我卖了。这一个世界却换来灰气。哦，你的绝情出卖所有爱情好梦，一下子清醒。感情像个闹钟，按一下就停。你的多情收买我的爱情，给了我的命，我买了。一个世界却换来灰烬哦哦。你的绝情出卖，让所有爱情好梦一下子清醒。爱情像个闹钟，按一下。想着我最思念的人，举起又放下的酒啊。就像我最亲爱的人，每一个安宁的夜晚。想着我最思念的人，一个多情又无情的人呐，就像手心里握不住的沙。喝下了最烈的酒。随便吧，就浪迹天涯，一个多情又无情的人啊。就像昨年月镜子里的花喝下了最烈的酒，随便吧，随便吧。啊。谁让我爱上了你，谁让我对她有温馨，一次次原谅着你的不忠，一次。自卑难过自己。难过了，伤以后就独自流泪，醒来以后倒头无说。一个多情又无情的人呐。就像手心里握不住的沙。喝下这凄烈的酒。就浪迹天涯，一个多情又无情的人呐，就像天边月镜子里的花。喝下的最烈的酒，随便吧，就随便吧。一个多情又无情的人呐，今生手心并不住想你。喝下了最烈的酒。啦啦啦。想着我最思念的人，举起又放下了酒啊。就像我最亲爱的人，每一个难眠的夜晚。想着我最思念的人，一个多情又无情的人啊。就像手心里握不住的沙。喝下这最烈的酒，随便吧，就浪迹天涯，一个多情又无情的人啊。就像天边月镜子里的花，喝下了最烈的酒，随便放，随便放。啊。谁让我爱上了你。谁让我没那样狠心，一次次原谅着你的过错，一次次为难我自己。难过的时候总独自流泪，醒来后装作无所谓别。一个多情又无情的人啊。就像手心里握不住的沙，喝下了最烈的酒，随便放就浪迹天涯。啊，一个多情又无情的人啊，就像天边月镜子里的花。喝下这最烈的酒，随便吧，就随便吧。啊，一个多情又无情的人啊。好了，所有的同学们，大家如果能够听见的话，给老师敲个机啊。把你们具体的城市的名字敲在评论区，让我看看直播间里面的同学都是来自于哪个地方啊？就这节课的话呢，有的时候又开始给大家上课了啊，每天都在上课，今天的北京的云彩呢，非常漂亮。也希望有一天的话呢，大家能够考上北京的公务员，考上中央部委的公务员，当然也可以考上你家乡的公务员。希望有一天你来北京，我能够接待你，行吗？同学们，希望有一天你在北京，我能够接待你啊，如果说就是将来的话呢？中国公考行业。哎，就说不让干了的话，或者我们这个行业被团灭了的话，我以后就在卢旺达等着大家去旅游，去投资，去经商，行不行？好了，所有的同学们，大家现在如果能够听见的话，我们直播也就开始了哈，这节课要给大家讲的是分论点的论证。我现在问大家一下，你们现在这个阶段觉得申论的大作文凑字数是难还是不难？哪位同学可以告诉我？很多同学的话呢，其实有没有发现就是申论大总论的写作，咱先别讲，想写的好还是不好？最关键一点，连字数都不一定能够凑得齐。在考场上的时候呢，凑字数想半天。写不满字数，这可能是大家现在这个阶段最大的一个问题，同不同意东哥的判断？好了，那到底是怎么凑字数呢？我们觉得凑字数分论点的论证主要你能够学会以下三个方法就没有问题了。第一个叫要素论证，有没有同学告诉我什么叫要素论证，哪位同学可以告诉我？就是我们如果要写分论点的话，第一个是叫要素论证，哪位同学知道什么叫要素，可不可以给老师敲代评论区？比如说背景算不算是要素？比如说问题算不算是要素？还有什么要素？哪位同学告诉我影响算不算是要素？还有什么要素，哪位同学可以告告诉我背景问题影响，还有什么算要素，对于我们来说，成绩也算是要素在158页到159页。好了，还有什么问题？还有什么算要素？哪位同学可以告诉我，比如说目的算不算这要素？好，还有什么算是要素对策，算不算是要素，我觉得都算是要素吧，各位，那原因算不算是要素也是可以的？就是你可以在你的。里边的话呢，论证里边加上这些要素，请问大家一下这些要素，大家觉得优先是从材料当中找。还是优先从自身的积累去写，哪位同学可以告诉我是不是优先从材料当中去找啊？这个时候你会发现这些要素，它本质上就变成了我们前边概括类的题目。大家现在能听懂吗？我是不是前面给大家讲过概括问题，概括原因，概括对策，概括影响，概括作用，还有概括综合之类的。它就变成了一个概括类的题目，这些你可以用材料当中的一些原词原句作为我们的一个出发点，作为我们的一个素材，在那个基础上稍微的。改写一下就能够形成你自己的个性化好了，第二个我问一下大家什么叫事例论证？事例论证，大家会发现最重要的，最通俗的说法就是举例子。各位举例子的话，你们觉得这个例子有没有同学知道它包含什么要素？举例子的话，一般会最多包含四大要素问题，再加上一个主体，再加上一个对策。再加上一个影响大家把问题主体对策影响敲在评论区也就可以了，最后一个论证的方法叫名言警句论证，各位名言警句论证。我们会给大家准备万能的名言警句，也会给大家准备个性的名言警句，你们觉得在考试的时候。我问大家一下万能的名言，警句用到的概率更大，还是个性化的名言，警句用到的概率更大，因为我们的申论的材料它是变幻莫测的。我们可能是万能的名言警句，用到的概率更大一些，那么这节课我们就给大家把这三种论证的方式给你讲明白也就可以了。在你讲明白之前的话呢，我觉得我们最重要的先是要看明白好了，我问大家一下，就是整个第一个。这是一篇议论文啊，议论文的范文高分量卷，范文我给大家找出来了，你们觉得在这一个材料当中，这是一句话。这是一句话。这是一句话。还是这是一句话，,你们知道是什么吗？同学们，绝大多数家庭离婚的原因，你们知道是什么吗？真的是，就是经济的原因，所以有的时候你说你们这些年人年轻人结婚，就说有的时候父母让你找个门当户对的。我现在问大家一下，或者让你找一个没当户对的，比如说你家庭条件还不错，你父母让你找一个家庭条件和你们家差不多的。你觉得父母这个现在能够理解了吗？能够理解的话，给老师打个一不能够理解的话，给老师打个二我我。有的时候你知道吗？就是可能这个员工他本来还有一笔钱能够付起这个结婚的费用，能够挽救这个家庭，现在没有了。就没办法了，我只希望大家能够公平公正，快一点的提升一点效率的。就是严格按照法律规定的，帮一帮那些弱势的群体吧。好吗？这就是我们的一个约定吧，行不行？行的话给老师打个一。好吧，你看东哥给大家说这个事，又有的同学在评论区打出来说东哥离婚了，哎呀我的妈呀。我也不知道你这个申论发散，我让你改写材料，我没有说让你瞎编材料行吗？同学们，我刚才材料当中我。那个主体不要变，改写材料是主体加对策加影响，那个对策我刚才确实说了，一个离婚或者影响确。这个主体不是我行吗？你看说离婚的这个肯定又是个抠脚大汉，天天就等着我婚姻破裂，想跟我结婚，我我是。啊你你你我的评论区吧，多少同学天天就喊老公老公老公哎呦，我那些同行都很嫉妒，我说哎呦，你看袁东长得多帅，多有魅力啊，多有钱啊，多有职位啊。人家女学员都问他叫老公，我心里边只是在那边默默发笑，所有在评论区这么豪放，这么淫荡的，没有一个是女的，有一个算一个，全部是抠脚大汉。这些人天天上课，他不想着停车位，他就想着把我掰弯，你知道吗？我能让你掰弯了吗？兄弟们，我一个科五万多人都掰不弯我。哎呀，兄弟们。求求你了，放轻松吧，好吗？所以的话呢，现在我很多同行，自从我我原来我不说，后来我说了被他们知道了，现在我很多同行都在到处造谣，说我是个gay。是吧，行吧。各位同学，我也无所谓了，反正一个人呢，天才的人物应该像流星一样燃烧自己，照亮他所处的时代，一个人只要牺牲了自我，能够欢乐大家。我也愿意行吧，同学们，今天的话呢，就给大家讲这么多好了，今天就给大家讲这么多。也非常的感谢最后的话呢，对我们刚才那个失恋的同学呢，送一首歌，这首歌的名字叫一个多情又无情的人，我非常喜欢开着一辆一辆越野越野车去沙漠的时候。听这首歌。小爱同学播放花姐一个多情有无情的人。好的，小艾想陪你一起听我的歌曲，大点声，小爱同学大点声。小爱同学，大点声。小爱同学，大点声。徐徐又放下了手腕，就像我最心爱的人。每一个难眠的夜晚，想着我最思念的人。一个多情又无情的人呐，就像手心里握不住的沙。喝下这最烈的酒，随便放就浪迹天涯一个多星。无情的远方就像天边月镜子里的花，喝下了最烈的酒，随便放。随便吧。谁让我爱上了你，谁让我没那两颗心，一次次原谅着你的过错。一次次为难我自己。难过的时候总独自流泪，醒来后叫做无所谓。哎，可多情又无情的人啊，就像手心里握不住的香。喝下了最烈的酒。
e8dfce60cbaf932a17926ed9223d8548,2912,6050.39,28233,那是每一天刚好可以更从容，不要迷茫，不要慌张，太阳下山。还有月光，还会把人生照亮，陪你到想去的地方，不要彷徨，不要沮丧，月亮水。啊，还有这样抬头看，天已经灰亮，太多人怀疑，永远看待。你身旁。世上每个人花季不同，你也会很美好相逢，张开双臂相逢，那时你听。刚好跟我更从容，不要迷茫，不要慌张，太阳下山。还有月光可会把人生路照亮，愿你到想去的地方不要彷徨。不要起早，月亮睡了，还有秋阳抬头看，天已经灰亮，太月亮还如愿看到。你身旁不要迷茫，不要慌张，太阳下山，还有月光。他会把人生照亮，陪你到想去的地方，不忧彷徨，不要沮丧。月亮睡了，还有秋阳抬头看，天已经灰亮，好多人怀入，眼如徘徊。你身旁。小爱同学嗯，播放。像我这样的人，毛不易。好呀，小艾和你一起欣赏会员，尊享歌曲毛不易的，像我这样的人。像我这样优秀的人，本该灿烂过一生。怎么20多年到头来还在人海里浮沉？像我这样聪明的人，早就告别了单纯。怎么还是用了一段情去换一身伤痕，像我这样迷茫的人。像我这样寻找的人，像我这样碌碌无为的人，你还见过多少？哎。没有了。你们好好的跟着学哈，这个课结束了之后，我们就紧接着开始超大杯的刷题了。你们觉得还需要抄单凭证刷齐吗？到时候呢，抄大背的刷题，反正就一直带着大家刷的。这样的话呢，就把这个课补足了。现在先不要着急，现在先把大指纹该背的背一下，现在如果我开始卖超大屏的刷题。结果导致很多同学大嘴们又不背了。学到哪就把哪个地方消化，不要欠账，大家觉得可以吗？像我这样倔强的人，像我这样碌碌无为的人，你可想过多少人？像我这样孤单的人，像我这样傻的人。像我这样不甘平凡的人，世界上有多少人？小爱同学嗯，暂停。好了，所有的同学们可以把你们的具体的家乡的名字敲在评论区，让我看一下你们都是哪个地方的人好吧？oh my god，这节课寻找分论点二又开始给大家讲了。呃，上这节课之前的话呢，我首先问大家一下，你们觉得在考试的时候是单主题的分论点难找还是？双主题，多主题的分论点难找，有没有同学能够告诉我？在考试的时候呢，我先给大家说一个结论哈。在考试的时候，最难找的分论点呢，是单主题的，这个在我们这个课就是接下来呢，进入实战阶段，会给大家有单主题的专门的训练。为什么？因为单主题的它是通过题干，不能够找完全找到的，很多时候要通过材料去进行挖掘。而且的话呢，有的时候不是通过其中的一段材料，而要通过全篇的材料，这样就会比较麻烦。现在大家能够同意的话，给老师打个一好了，那这节课我们把上节课有一个小尾巴给解决一下，你会发现很多时候他给我们很多材料，比如说材料一。材料二，材料三，材料四，材料五，请问大家一下，如果是一个单主题的分论点，你觉得这个分论点它如果。既可以来，源于题干。又可以来源于所在的材料。还可以来源于全篇材料，它的优先级是什么？哪位同学可以告诉我？请问如果我们在题干当中。能够找到分论点，在材料当中也能够找到分论点，绝大多数情情况，记住了题干的优先级。它是排第一位的，明白了吗？接着如果这句话只是在材料一当中出现的，我们优先从所在材料。去找分论点，这是优先级的啊，如果你会发现题干找不到的话，它既可以从所在材料当中。找又可以从全篇材料当中找，我们就优先从材料二当中找，大家觉得可以过哈最后一个，那么如果你发现所在材料我们找的分论点不够。我们就从全片材料找，这是优先级排第三位，现在大家觉得可以过的话，就给老师打个过这个给大家，这节课做一个小小的补充。好吧好了，那我问大家下，你们觉得考试的时候双主题还有多主题的分论点，它是来源于什么地方？我现在告诉大家，只要是双主题，多主题意味着我们在审题的时候就能够判断出来。记住了，双主题和多主题优先一定是来源于题干的，现在清晰了啊，但是呢，有的时候他题干说的比较模糊。需要我们把题干和材料进行一个结合。需要把题干和材料进行一个结合，现在大家听懂了吗？需要把题干和材料进行结合，做一个补充。这样说呢，你可能现在不理解，没关系，我呢，给你简单的举几个例子，你就知道了，首先大家来看一下。双主题的我们来源于题干和材料当中，给大家看一下历年的真题举例，大家抓紧时间来审一下这个题目。你觉得这个题目给定材料四划线部分提到创新是有风险的，但是它又是规避风险的最好的方式。他在考试的时候是单主题，双主题还是多主题？哪位同学可以告诉我各位是不是看到创新，看到风险？看到创新，看到风险，一共一共就是突出了两个词，两个主题，所以我觉得它叫双主题。大家觉得可以不？好了，双主题，这个时候我想拟一个标题。请问大家一下，这个标题最简单的可以拟成什么标题？对于我来讲，我就可以把它理解成创新。与。风险也就可以了好，这是标题，也就是我们的总论点，我现在想让大家给老师找出一个。分论点，大家把这个分论点应该怎么给老师搞定？同学们给我一起把它搞定。创新是有风险的。创新又是规避风险的最好的方式。同学们抓紧时间给老师琢磨一下，你觉得他让你对。这句话进行一个思考，这句话包含了几句，哪位同学可以告诉我这句话是不是包含了第一句啊？这句话是不是包含了第二句啊？所以我们的分论点应该怎么写？哪位同学可以告诉我？我们的分论点你就记住了，就直接把这两句话摘抄也就行了，我第一句话就直接写创新。是有。风险的。请问大家一下，我如果这样写命题人，阅卷人能不能算我是跑题？不会因为这个，我就是扣紧题目，把这句话谈透彻也就可以了。第二个分论点，大家觉得应该怎么写？把它变成创新一起写下来创新。又是。规避。风险。的最好方式，你看这个就把它搞定了，现在我问你们一下，你们觉得这两个分论点它是在说哪一个要素？是在说影响，还是在说对策？哪位同学可以告诉东哥，这两个分论点是不是都是在说影响啊？是不是都是在说影响这个，是不是也是在说影响，请问如果考试的时候我只写这两个分论点，大家觉得可以吗？就在考试的时候，我就只写这两个分类点，创新是有风险的，创新又是规避风险的，最好的方式完全是可以的。但是我问大家下1000字，如果我只写这两个分类点，是不是觉得层次还有点不够啊？可不可以加第三个分论点，哪位同学可以告诉我前面两个谈影响，第三个可以谈什么？我对这句话认识非常深刻，就是给他定性谈影响没有问题，第三个我可以谈一个。对策，这个对策请问大家一下要包含什么词？第一个要包含创新，第二个要包含风险吗？所以大家一起写下来，我们。要加强创新。,你们会放弃吗？这个钱不是要了一天两天，也不是要了一年两年整整，至少要了两年半。在异国他乡，他的英语还没有我好，我就是山东英语嘿慢，what are you doing真的？我就是山东，他那个他那个英语我靠，他那英语真的不行，你知道吗？哎什幺小黑子。还小黑呢，还小黑子，哎呦我的妈呀，大黑子呢，好吧，然后呢，唉，大家一起加把劲好吧。他老家是哪的？我不方便给大家说啊。我不方便给大家说，行不行？下节课的话呢，再给你们讲讲我在卢旺达的那两个同学行吧，这节课就给大家先讲到印度阿三吧。好吧，另外呢，我特别提醒大家一下啊，最近这个崩崩老头的话呢，哎，真的弄的人还挺多的哈，你千万别被人家崩了啊。你们都是哪一年出生的？我看看大家，哎呀，我一开始以为崩老头都是崩的，那些50多的60多的，谁知道现在逮着八零后九零后都叫老头了。各位零五年的啊，零五年那你们想让人家崩，人家还不想崩，零零年以后的都没有这个风险啊。各位零年零零年以后的你们都没有钱，没有工作，人家都不不会搞你们的好不好？另外的话呢，你们知道吗？我那个同学跟我说，他说崩老头啊。就是那个女的就是把他崩了之后，还把他的微信卖给别人了，我问他卖了多少钱一个微信啊，他说十块钱能卖四个微信，那么而且呢，给他标注好了。有的老头呢，是难崩的，就是不舍得出钱的那种小抠，有的同学呢，有的老头呢，是好崩的，然后呢，好崩的话呢，就能卖的贵一点，难崩的话呢，就是卖的便宜一点。他他说他属于好崩的，你知道吧？他属于好好崩的，哎呀，这个叫自作自受啊，这个也不怪别人，你说。这个我觉得现在这些这些人也太坏了，你崩就崩吧，你至少诚实守信，是不是你给咱说你是一个肤白貌美大长腿的美女，结果最后的话呢，你是一个男的。你说弄得咱们跟个gay似的，弄得他老婆在他老婆现在我觉得如果是一个女的，他老婆说不定还能接受一点。关键是个男的把自己老公给崩了，你知道他老婆，我觉得现在像吃了苍蝇一样是吧？这个哎，没办法，没办法。好吧，同学们。大家的话呢，不要随便被别人崩啊，这个这个东西的话呢，我以前我不知道，我还以为开玩笑的，我以前在网上我确实看到过崩老头这个视频。但是呢，我没注意看，我就想老头谁会崩啊是吧？没想到现在你看就八零后，九零后，九零后都是老头了，你们还笑，也就代表你是如果你是零一年的，再过两年你也是老头的范畴，你还笑。好吧，各位，不过我发现哈，男人最了解男人，我们男人要骚起来，你知道吗？就是哎呀。你知道就没没女同志什么事，就是这两天的话呢，自从他跟我说不不老头，你们有没有最近在刷短视频，有一个男的和几个女的一起走路，男的穿的那种旗袍和裙子。走的时候就是那个男的那种小骚味，哎呀，太太受不了了，各位你你要把他们的头一挡住，你你真的分不出来哪个是男的哪个是女的？我们男的有的时候没节操哈，闷骚起来不行的好吧。大家加把劲啊，好好的努力，下节课见好吧。另外呢，不用再问刷题班什么时候上线了，这个和大指纹无缝对接，到时候会上线的，我只是现在需要大家先把大指纹前几节课学好好了。小爱同学嗯。播放曲终人散。好的，小爱想陪你这首歌送给我的同学啊，自作自受啊，自作自受。嗯。嗯。你让太阳渐渐把你套上的时候，我察觉到你脸上复杂的笑容。那缘分该是我赋予你的承诺，现在我只能凝视着你。我跟着所有人向你祝贺的时候，只有你知道我多得了几杯酒。我不能再看你多一眼都是痛，其实知道爱你没有回头。我终于知道曲终人散的寂寞，只有伤心人。
a6236500ad53a88c0d5fbedc0f704e57,3748,8014.86,36548,窗外的麻雀在电线杆上多嘴。说这一句很有夏天的感觉，手中的铅笔。在纸上来来回回，我用几样字形容你是我的谁？知道你的滋味，抱怨你不想了解你初恋的伤，我就这样被我。也不虚伪，那温暖的谎言，我想留在夜里才对你说，你什么都知道，这一种感。放开放个世界，我的爱溢出就像雨水。你的落叶跟我的思念厚厚一叠，几几几十倍也无法将我的。世界突然变成现在。我是个美丽的小景点，我的爱。爱情就像雨水吹干，路边像诗里纷飞的美丽照片，我接着写那个永远爱你。小爱同学播放分手快乐。即将邂逅梁静茹的分手快乐。嗯。我无法帮你预言委屈求全，有没有用？可是我多么不舍朋友爱的那么。体贴爱可以不问对错，只留下些担忧。如果他曾为别人撑伞。你何苦非为他头在耳边喝咖啡，让你难受，想等等你心口里的风，你却想上街。走走吹吹冷风，会提醒更多闭上眼，不怕感受，只要你一个难过。情人节就要来了，剩自己一口，其是为爱情的人，情人节每天都和我一起唱分手快乐。不想过冬，厌倦沉重就飞去热带的岛屿游泳分手快。小爱同学播放陈羽凡不要对他说。好的，小爱想陪你一起听会员歌曲，陈羽凡的不要对他说。嗯。现在清晨时分，走出你家的巷口。看着昨天擦肩而过，为熄灭的街灯问我到底。告别了什么？当我失去你那眼中美丽的温柔，当你决定就此放手。说。每个生命只有三天，没有。剩下些什么？除了尘埃。陪你到日出，把你看清楚，孤单累了，等你看了睡得好无辜，在你耳边轻轻说出最后。要求不要对他说猪一样的话，不要对他说夜里会害怕。别说每多晚都会等他的电话，别说你知心的。她送的玫瑰花，因为珍惜。虚化几样残留的梦小艺小艺。小爱同学播放张信哲宽容。小爱同学停我在。小爱同学停。好了，所有的同学，大家可以把自己家乡的名字呢敲在评论区，让我看一下你们都是哪个地方的人？哎，看一下大家都是哪个地方的人？我们直播呢，马上也就开始了哈，你看互联网创业呢，就是好哈，你可以能够接触到全国各地的同学们。我们这节课呢，就带着大家把分论点。找一下很多同学的话呢，每年大作文，其实最大的问题就是出现在分论点的寻找上。分论点的寻找呢，就像我们盖房子的时候，那个框架，如果你的框架扎偏了，整体来讲呢。这个考试啊，也就惨不忍睹了，所以大家务必在分论点的寻找上把它给我搞定，千万不要出现任何的问题好吧？好了，那我问大家一下，你觉得在我们考试的时候，大作文的考试一共有几种命题的方式？哪位同学可以告诉我？在我们考试的时候，大作文的考察的方式一共有三种命题方式，第一种叫单主题，第二种叫双主题，第三种叫。多主题，现在大家能够听清楚了哈。其中的话呢，你们觉得绝大多数时候我们的分论点可能有几个哪位同学可以告诉我？绝大多数时候，分论点可能有几个，一般分论点的话呢，都是有三个啊，当然个别时候也可能有四个，再多了就不太好了。为什么我们正常的写一篇申论的大作文，大家觉得一共是有几个自然段？它可能有五个资产段，这五个资产段是怎么分配的？这五个资产段第一个资产段写开头。最后一个自然段写结尾，中间的话呢，它就是分论点一分论点二，还有分论点三。各位，如果是一个1000字的大作文，你们告诉我平均每一个点大约可以写多少个字？基本上我们在考试的时候就把它进行一个平均分配，平均每个点呢，你就把它搞成200个字左右也就可以了。啊，200个字左右也就可以了，当然有个别时候在国考的过程当中，他让你写1200字。请问1200字有没有可能出现第四个分类点？1200字的话，你要记住了，它有可能偶尔的时候会出现第四个分类点。所以大家也把它给我记清楚了好了，那我问大家一下，这个时候我们先要给大家明确几个理论知识，第一个。分论点。它的来源是什么？有没有同学能够告诉我分论点的来源？大家觉得它可能来源于什么？分裂门来源第一个，它可能来源于题干。第二个，它可能来源于材料，基本上就是这两个，一定把它给我记住了，第二个的话呢，我问大家下。分论点，它涉及到的要素可能有什么？哪位同学能够告诉我？分论点，它的要素和总论点的要素完全是一模一样的。分论点，它的要素就是包含了对策。还有一个影响，在实际考试的时候，我问大家一下，如果我的脑子。你们也知道我的脑子比较笨，但是我就问大家一下，像我这种笨的脑子，在考试的时候是找对策还是去找影响？不管是从题干当中找，还是从材料当中找，只能找一个我时间又是有限，我的脑容量又不够。这个时候我分论点是找对策也就可以了好吧，第三个我问大家一下分论点的形式。一起把它给我搞定，分论点的形式，你们告诉我分论点。它的形式一共在考试的时候有几种形式，哪位同学能够告诉我，快点告诉我。分论点的形式，我给大家说了，第一种是总论点，加上一个对策，这种叫做什么文章？是不是叫侧导文？第二种是总论点。加上一个影响，这种是叫什么文？这种是叫正论文。第三种是叫总论点，加上一个对策，再加上一个影响，这种是叫什么？这种是叫？议论文啊，这种是叫议论文，大家记住了也就可以了，好了，那我问大家下找对策的话，找分论点，从题干当中找，我觉得非常简单，我就在题干当中。如果是找对策的话，主要阅读什么样？用的词语，哪位同学可以告诉我是不是主要找动词，再加上一个事情也就可以了，但是从材料当中找。大家觉得从材料当中找我们应该怎么找大家一起写，从材料当中找就是比较快的方式。就是大家一定记住了，就是我们给大家讲的粗读，各位反正你找对策嘛，找对策它就是分论点和找总括词。和找前置词是一样的，粗读读什么？哪位同学可以告诉我，你到材料当中主要。粗读要读断首句。要读断尾句，要读关联词，关键词，高频词，还要读什么，还要读相关的主体。现在清晰了吗？清晰的话，也就给老师打飞机，但是有的时候我们如果前面是故事性的材料，最后一段是规范的表述。有的时候你可以从首段和尾段当中去找规范的表述，当中的对策。如果你首段尾段找不到的话，你就把每个自然段。去读断首句，断尾句，高频词，关联词，关键词，主体现在清晰了吗？我再给大家说一下啊。我们找分论点的话。请问大家一下。,大家知道西藏那边的话呢？就是那个高原海拔比较高，他们生了小孩的话呢，因为他们平常在内地长大，生了小孩的话呢，小孩在那边不适应就是。找的老婆呢，也是内地人，所以不太适应，生了小孩就还在山东老家，都是让他们奶奶爷爷带着，嘿嘿，就是。他们现在弄的就是异地异地，我说你异地怎么着？异地你不好好学习，你高考就考那点分数，你行测室内又不好好学。你异地怎么了？国家给你个工作就已经不容易了，就应该对得起你了，你们同意东哥的观点吗？同意的话给老师打个一不同意的话给老师打个二。各位啊，国家一个月给你发6000多块钱，你没事就唱两首歌就下去给我们新疆同胞唱两首歌，你还要怎么着？对得起你了，各位同学们，所以你们给老师记住了哈，人不能苦一辈子，但是总要苦一阵子，你如果能够吃的。苦中苦，你当然就可以选自己喜欢的岗位，就可以选择，就是哎呀，就可以选择。你认为好的岗位，但如果你吃不了苦，你天天就是行测申论，也不想听课，也不想学习，上课就认真讲，你不听，你就天天刷评论，各位。其实我觉得现在去新疆，还有去西藏也是一个挺不错的选择啊，记住我的话，我觉得记住我的话。到基层去到祖国和人民需要的地方去，大家觉得可以吗？可以的话给老师打个一哈。各位，但是不管你是在北京工作还是到基层工作，到新疆到西藏工作，当轮到你上台的时候，你就别再退缩了，到了时间你就一定要去上场。心里打鼓的激动，本身就是身体在为你加油，世界不会为胆怯者让路，却会给勇敢的人重新选择的机会。好吗？请兴致勃勃的去尝试，去经历，去失败，去踏遍未尽的山川，去丈量那些藏着答案的新疆，西藏的远方，怕输才会紧张。但是想赢是不会的，只要你能参与进去的事，你别管它是新疆西藏还是哪里，你就已经拿到了入场券。扔掉你那摇摆不定的破退堂鼓，去做一支蓄势待发的箭，迎着风，对着目标去命中属于你的十环吧。各位怕什么？各位我我还有一个你我们家的家族有被我送到西藏的，还有被我送到新疆的，你们知道吗？有一还有一个学习更不好的。我把它送到哪里去了，你们猜一下，你们猜一下，还有一个学习挺不好的，更不好的，有一年内蒙古。招岗位招你们知道招什么的岗位吗？就是专门招那种封山护林的，哎，我们那年的，你们到新闻上查。叫光头强的岗位，各位这个光头强的岗位呢？原来都是专门针对尖尖忧郁的人，他们来负责，后来呢，国家不让他们负责了，就专门的招光头强的岗位。这是给事业编的，哎呀，那一年是招了一万多人吧，哎呀，我一看嗯，我我们家那个那个那个远房亲戚，反正他高考就考200多，我一看哎。哎呀。就是你了去吧，然后呢，结果他一报，哎呦我靠，那个岗位只报了他一个人，我也不知道咋回事，各位现在还在树林里面待着，给他打电话经常没信号。他天天跟我说，哎呀，说叔说你给我问一下那个你那个同学在航天集团的什么时候把这个网络能搞好啊，搞得跟那个马斯克的新年似的，俺打电话好方便一点。现在俺打电话上网刷抖音，俺刷不着你，俺想听你的网课，听不了你说，哎呀，兄弟们加把劲吧，好吧？好小爱同学在。播放小爱同学播放韩磊花开在眼前。把没好听的花开在眼前，把面试键敲在评论区好吧。嗯。嗯。花开在眼前。已经开了很多很多遍。每次我总是泪流满面，像一个不解风情的少年。花开在眼前。我们一起走过了从前。每次我总是写下诗篇，让大风唱分着点，还会给大家额外加一节课哈。不知道，爱你。
fc7eace44901c13b269e4307f9c95409,1164,2393.87,10867,在电视上看什么嘴，你说这一句很有夏天的感觉，手中的铅笔。在纸上来来回回，我用几样字形容你是我的谁？知道你的滋味，那遍你不想了解初恋的香味，就这样被过。不去回那温暖的夜，我想了解他对你说你什么歌词标着一种。我感觉你伤悲，我的爱溢出就像雨水。子落叶跟我的思念厚厚一叠，几句是非，也无法将我的热情。你出现在我诗的每一页雨下整夜。我的爱溢出就像雨水窗台，明月夜像诗里纷纷的美丽章节，我渐渐陷入。哪怕永远爱你，写进诗的结尾，你是我唯一想要的结。别太兴奋。为什么？我的爱溢出就像雨水院子里。有我的思念，厚厚一叠，几句是非，也无法将我的热情冷却。你出现在我诗的每一页。你的温度我打碎，幸福这个季节，而你的脸颊像田里收。风的幻觉，你突然对我说情侣相恋，此刻却只想见吻，你却找不。在雨下整夜，我的爱溢出，就像雨水院子落叶，你跟我的思念厚厚的一。结局是非也无法将我的热情冷却你出现在我诗的每一页。这一夜，我的爱溢出，就像雨水，窗台，蝴蝶恋恋恋相思，你还没安慰你就。却了解那永远爱你写进诗的结尾，余生不为你想要的结。嗯。嗯嗯嗯。爱像一阵风吹。换他走，就这样的结奏，心都无可奈何。小爱同学暂停。哎呀，好了，同学们，你们都是哪个城市的？把自己的具体的城市名字敲在评论区，让我看看大家都是哪里人？能不能遇到一些熟悉的城市，熟悉的人啊？很多同学呢，有的时候都能在我的直播间遇到自己的前男友或者是前前前女友啊。哎呀，今天晚上的话呢呃，肯定不会拖堂了，今天晚上这节课呢，相对来讲比较简单粗暴，就能够帮大家搞定啊。好了，所有的同学，我们这节课也就开始了，如果大家能够听见的话，就给老师打个一我们直播呢，也就正式开始了。这节课要给大家讲的是一个分论点的润色。很多同学呢，可能现在都不知道分论点是什么，我给大家说一下，分论点一般会有三种样式。首先大家来看一下第一种样式，它是通过总论点和对策的方式组成的，比如说。总论点是推动农业高质量发展，它一般是标题的前半句，偶尔呢，也可能用标题的后半句。加一个对策，要走质量兴农之路。质量兴农就是我们要干的一个对策，这是。分论点的第一种样式，请问这种样式一般我们写的文章叫什么文章？哪位同学可以告诉我？这种文章呢，大家在考试的时候，它是叫策论文，策论文呢，顾名思义就是重点呢，是写对策的。好了，再接着给大家看一下第二个总论点，加上分论点的影响，这个是怎么写的？做好民生小事，这是一个总论点。它有什么影响呢？它可以对于人民有影响，有利于增进人民的幸福水平。大家看这种文章写出来之后，你觉得它叫什么文章？哪位同学可以告诉我，这种文章在考试的时候叫正论文啊，叫正论文。好，我再问大家一下，还有一种是总论点加分论点的对策，加分论点的影响大家，这个总论点呢，有的时候会有，有的时候会没有。可以省略的。你看这两句话，它就是一个，这个是一个对策，这个是一个影响。这个是一个对策，这个是一个影响，前面可以加上一个总论点，有没有同学知道这种写作？的文体叫什么文体？这种写作叫议论文好吧，这种写作叫议论文。我现在问大家一下，一共有三种文体，如果在考试的时候他没有给我们明确的说，让你写成侧论文或者正论文。他只是给我们说要求写成议论文，或写成一篇文章，大家觉得我们应该写成第一种，第二种还是第三种，哪一种更好一些？记住了，一共一定是写成第三种更好一些，第三种呢，它叫议论文，但是我再问大家一下，你觉得第一种。能不能叫益乐丸？第一种也可以叫益乐丸，第二种能不能叫正乐丸也能不能叫益乐丸也可以叫益乐丸。都是可以进一六班，但是呢？如果题干当中明确的让你写成侧着玩，你的分论点的形式就要写成这种模式，如果题干当中明确的让你写成正着玩，你的分论点的模式。就要写成这种模式，大家觉觉得可以过的话，给老师打个过好吧，我问大家一下，你们觉得侧着玩。还有一个正论文，有没有本质的区别？哎，我们上课之前认真的思考一下，你觉得有没有本质的区别？我觉得没有，比如说我想把这个题目变成一个。我想把这个分论点变成一个侧耳闻，应该怎么办？我就把这个有利于给删掉，变成一个需要。增进人民的。幸福水平，这样它就直接能够变成一个侧漏纹，现在大家能够听明白了吗？能够听明白的话，给老师敲个一，我给大家说一下，有的时候正论文和侧论文只是表述的不一样，正论文它主要侧重于在说。影响。测论文主要在说对策，现在听清楚了吧？好了，那我们这节课要给大家讲的是。分论点的润色有没有？同学觉得平常写收敛的时候有点干巴巴的。没有任何的呃，这种哎，就是哎，文采有这种同学吗？我们这节课就是要解决大家的文采问题，因为你只有有了文采你才能够。进行一个提分好，绝大多数同学呢，现在都是这种模式，我们原来为什么要给大家？特意讲一个润色，因为我以前呢，有一个领导，这个领导呢，很厉害，你给他任何的文章，他把这个文章呢拿过来一看。他就给你稍稍的修改几句，它主要是修改的是标题，还有小标题，稍微的加几个词立马就不一样了，我这个领导呢？一开始就是做秘书出身的，后来的话呢，做成了一个正部级的领导，还是非常厉害的啊，我非常的。羡慕他，我以前也在是在体制内工作过的哈，我就说我这个领导，我对他的印象很深刻，好了，废话不多说，我们来看一看，应该怎么把它搞定？大家来看一下这个题目，我问你们一下就是。先来看一下总论点加对策的，给大家举几个例子，推动农业高质量发展，要走质量兴农之路，推动农业高质量发展，要走绿色兴农之路。推动农业高质量发展，要走品牌兴农之路，这是总论点。这一排就是对策好，加强网络治理需要，完善法律法规。加强网络治理，需要强化平台宣传，也是总论点加对策。实现乡村振兴，是总论点，需要重新出发。是对策凝聚人心，也是对策是对从心出发的解释，说明拉近民心，它是一个影响。好吧，那么这个时候还有打好利利率组合拳，需要在力上下功夫，这个是总论点，这个是对策。这个是一个对他对策的解释，说明这个是一个影响，那么我们带着大家来看一下，应该怎么把它搞定？大家看这个总论点加对策，我们给大家加了三个字，,能不能把这一块钱你觉得值不？你你给你宿舍的同学给他一块钱，让他给你准备这么多素材，我估计有点难，所以你们也别退钱了。行吗？同学们，你退钱我都看不见兄弟们啊，多么痛的领悟啊，我就送你们一首歌行吗？同学们，送一首歌啊，就是哎，这这这。就是课不够呃哥来凑好不好好？记住我跟你说的话，如果他是。总论点加对策或加影响的话是润色其中之一也就可以了，还有一种方式大家来看一下。我问大家下，如果在考试的时候我们舌接把总论点这一排删去，你们觉得可以不？我们的分论点直接不做任何的润色，就直接干巴巴的写成啊，推动科技自强，打造创新高地。坚持筑巢引粪，打造人才宝地，优化营商环境，打造政策福利，可以不也是没有问题的啊，也是没有问题的。这种呢，大家只要能够自圆其说也就可以了，行吗？同学们。OK诶。这节课是我们历史上最短的一次课，竟然八点钟也就结束了好吗？同学们。嗯，最近的话呢，觉得自己生活幸福吗？最近觉得自己生活幸福吗？我给大家留个作业啊，我要求大家把这三种模式就是打个卡。能够做到的话，给老师敲个一，今天晚上上完课马上就打卡，我给大家上完课，大家马上就打卡，这样你就现场把它掌握，明天早晨早起。记忆力不好的同学背三组记忆力好的同学背五组，足够你用了的行不行？同学们啊，一定把它给我搞定。好吗，同学们？啊，各位，我突然意识到自己真的很好，因为我永远乐观，坚强，勇敢，即便遇到难过的事情，也只是晚上哭一哭，颓废。但是我还是依旧热爱所有我依旧敢于生活顶撞，敢在秘境里撒野，直面生活的污水，永远乐意为新一轮的月亮和。和日落欢呼，你们有多少同学能够做到这句话，就给老师敲个一各位昨天晚上呢，有一个同学呢跟我说。他这个失恋了啊，我到毕业季的话呢，我的私信里边总是堆满了各种失恋的。这种私信我想给大家说一下啊，失恋了也就失恋了，没有什么关系的哎，就是一个人的话呢，恋爱对于我们每个人，我反复给大家说过，它就是一个奢侈品。就像LV的包包，有咱们就拎出去到大街上炫耀炫耀，没有的话呢，咱们就拎拎一个帆布包也能炫耀。好吧，每个人的一生当中总会有那么一段难熬的岁月，毕业季六月份就是这个样子的，我们所遇到的是好坏，都是相对的。好事并非一定好，坏事也不是绝对的坏，我们不需要因为一时的不顺觉得沮丧，也不能觉得一路走来太顺心而得意忘形啊。谁的生活不是一地鸡毛，大家都是普通人，过好自己就好，钱没了可以再挣，工作没了也可以再找，朋友没了还可以再交，爱情没了可以再遇。人生本来就是一无所有，何惧从头再来啊？山有顶峰，湖有彼岸。在人生漫漫长途中，万物皆有回转啊。请你相信一切终有回报。各位同学，我问大家一下，你们觉得一个网课一般最好的时间是多长？有没有同学能够告诉我？我觉得网课啊，反正我就觉得是一个小时到一个半小时就差不多了啊，如果我再给大家讲长了的话呢？基本上你们的注意力和膀胱呢，也扛不住好吧，今天晚上呢，是我们效率最高的一次，有点骗大家钱，但是骗了也就骗了吧。行吗？同学们，就当我以前给你加班，今天晚上补回来了，你们都是我的老板，你们平常加班不给我加班费，因为我给大家卖课的时候天天骗大家，我说一节课就是一个小时。但是实际上每节课都是一个半小时啊，稍微拖点长哎，这节课呢也确实不到一个小时，我也很惭愧，所以我就把这个研发给大家做到。多了一点，你们能不能把它背下来？能背吗？能背吗？记住所有的同学在评论区记住了啊。不背是小狗，把面试卷敲在评论区，这节课也就结束了，小爱同学。小爱同学嗯。播放。小爱同学，我在。播放花海。好的，小爱想陪你一起听不良歌曲，周杰伦的花海。
a292591caa19c9c16b026bce6cfa4698,2990,6208.87,28639,哦，也开始看到底将眼望着这风景即出戏。因为我们等不到那流星。真正就决定命运的定义，却不知道到底累。去哪里已经长大？缓缓飘落的枫叶，像思念我点燃烛火，温暖岁末。的纠结。月极光越过天边，被风越过生命的容颜。我把爱烧成了落。也爱你，会不会熟悉的那张脸温温的我的梦里相思念？会有晚，会有站在空调来之前。爱你穿越时间，两个人子偷摸着眼泪。让爱颤动了一遍，我要的词是你在我身边。小爱同学暂停。听说你现在一个人睡，后来你少的婚姻。我听到这里如此难过。又拼了命的想要保护他们，说提起我，你沉默。像写着酒瘾，分着对错，我不懂得你情深似海。你不懂得我思念成碎。不如去地面，哪怕。是你让我的心痛，一天比一天深。啊。我不明白这世界为什么会让我感到那么的伤悲。我不知道相爱的两个人留不住一个褪色的诺言。我不了解沧海桑田，能将一切相信的事改变。我不相信付出过的真心，要收回就能收。啊。啊。好嘞，同学们，大家如果在的话呢，可以把你们城市的名字呢敲在评论区。让我看看你们到底是哪个地方的人好吧，哎，让我看看大家到底是哪个地方的人好吧？看大家是哪个地方的人？哎呀，这么多地方啊，这下大家相信我的直播间不是水军了吧？这个你看打的地方都是不一样啊。好了，这节课的话呢，我问大家一下，就是上了这个大嘴上的第一节课，绝对有进步吗？同学们有进步的话，给老师敲个一，没进步的话，给老师敲个二。各位，我是把大总位给大家拆解的，非常细啊，一个板块一个板块，一个螺丝一个螺丝，给大家拆出来，先学会打螺丝，然后把这些螺丝总结到一起，就能够成为一辆车了。行不行？好了，所有的同学们，我们这节课也就开始了，这节课要给大家讲的是一个双主题，我们带着大家来看一下我们今天的。题目哈，今天要给大家讲的是双主题，还有是多主题，很多同学呢，可能连双主题和多主题是什么都不知道，我们给大家。展示一下，基本上把这几年的题目都会给你看到，首先大家来看一下，在这样的一个题目当中啊。我们问大家一下，拿到这样一个题目，以大变局，大变革，大事件中的困难与机遇同在，挑战与希望并存为话题。自选角度，自拟题目写一篇议论型的文章，我现在问大家一下，如果我们要拟。标题的话。你们觉得前半句应该写什么？后半句应该写什么？咱别管它是就是单主题，双主题，多主题，我们审题的时候只有一个底层思维。是不是前半句要写对策，后半句要写影响啊？这是一个基本的底层思维。这个大家能够同意吧？好了，那我问大家一下这个对策。有两种来源，第一种可以从材料当中直接摘抄，第二种可以从材料当中的问题进行反推。大家能够同意吗？请问大家一下，你觉得整个题目当中的这句话，哪一个词可以和对策发生关系？同学们告诉我哪一个词或者哪几个词可以和对策发生关系，各位如果是我在这边看看了半天，我还真的没有看出来哪个是对策。但是后来我想能不能找到问题呢？这里面表示问题的词是哪个词？看看有没有同学能够把它找出来，表示问题的词是哪个词？你会发现困难是一个问题。挑战是一个问题，好了，那我们就把困难与挑战写在对策这困难。与挑战写在对策这前面给老师加一个动词，加哪一个动词比较合适？有没有同学能够告诉我困难与挑战加一个动词，大家一起写。战胜困难与挑战，一起把它搞定OK，然后它会有什么样的影响呢？哪位同学能够告诉我？这个影响就是机遇和希望，我们把机遇。与希望。一起搞定。好了，这个机遇与希望前面加一个动词，你们觉得我们战胜了困难与挑战之后就会怎么给予？希望给老师想出一个动词。是不是赢得呀？你看我们即使遇到一个双主题的，它的底层思维依然是前面想对策，后面想影响。依然是要把材料当中最重要的关键词给我写到对策和影响里边，大家现在给我牢牢记住一句话，如果你在考试的时候你没有。你的标题当中没有覆盖题目当中的关键词，你一定记住袁龙老师像一个大哥哥一样站在你身后说。跑题了，同学们把跑题了。一定记在心中好吧，把跑题了，记在心中怎么不跑题呢？永远把这五个字记在心中题干关键词一起敲敲评论区。这节课就让你敲这一次题干关键词，你记住了，你如果在考试的时候，你觉得你要发挥自己的水平了，发挥自己的文采了。但是你标题没有含有题干当中的关键词，大概率就要挂了，它在这个地方要求的大家是稳是准确。好，我们给大家来看一下我们成型的一个开头，这个不就把它写出来了吗？你看战胜困难与挑战，赢得心与寄望。下面也就很简单了，加一个过渡句，然后呢，总论点呢，就等于标题战胜困难与挑战。然后呢，赢得机遇与希望，后面再随便加一句话也就可以了，各位如果这句话我加不出来的话，请问我可以用哪句话代替？同学们，有没有同学能够给老师写出来？我很简单，我就把这句话写成书写，高质量发展新篇章。构建高质量发展新格局。共创高质量发展新呃呃呃，美好未来。还有破化高质量发展新蓝图。一定给我记住了，最后的这句话，战胜困难与挑战和标题呼应，赢得给予希望和标题呼应。现在清晰了吧？至于这句话，那有的同学说老师这句话我不会写，怎么办？哪位同学告诉我？这句话不会写，应该怎么办？这句话雄关漫道真如铁，而今漫步从头越，哎哎，追风赶月莫停留，平无尽处是春山。是吧，这些都是可以的，一定把它给我记住了哈，哎。好了，再带着大家接着往下走，我现在要求大家审视一下这个题目，永远的琢磨一下。标拿到这个题目。依然先判断一下它是单主题还是双主题还是多主题，这个是非常重要的同学们。你会发现它有两个词啊，这个题目呢，我不怪大家这个题目，其实在考试的时候它是一个单种题。明白了啊，这个你们现在不看材料，会有这种误差，我完全能够理解，你们也不用理解它为什么是单主题，咱们现在不是讲那个具体的文章的时候，你就记住了。它是单主题，什么是单主题呢？也就是在考试的过程当中，就是这里面有一个明显的是在说对策，有一个明显的是在说影响。请问大家一下，如果我们假如通过材料已经确定了，它是单主题，你们觉得哪个词是在说对策？哪个词是在说最终的影响？告诉我，告诉我，如果说你不看材料，会有争议哈，我不需要大家看，大家现在就记住这个结论，因为我们每节课只讲一个小点，没有办法面面俱到。各位，如果在这个题目当中拟标题的话，我们通过材料判断出来了，它确实是一个单主题。单主题也就是这两个词，它并不是对等的关系，它是一个是对策，还有一个是影响这种。虽然它出现了两个词，也是单主题，请问这个对策哪个是单主题？是不是要把民生小事写出来啊？民生小事，前面给老师加一个动词，请问大家下你们会加哪一个动词？把它变成一个对策，各位如果是我的话。我会把它写成做好民生小事，哎，做好民生小事，它对国家大事有什么影响呢？哪位同学给老师加一个动词呢？,围火行不行？还有围聚行不行？你看慢慢的在加强，我问大家一下，还有什么？维语行不行？还有什么ve行不行？还有什么维持大家觉得行不行？好了，尾股大家觉得行不行？还有一个围巾，大家觉得行不行？还有个什么维迈，大家觉得行不行？各位，还有什么你看本来有同学不会的，我也感谢那个同学，自从那个同学学了，说了一句丝袜，现在评论区现在都来劲了，想象力打开了。我的妈呀，有的时候我可能哎，可能我这个教学也不行，我应该让这个打丝袜的这个同学出来讲课啊，我我刚才说说了半天憋不出来，自从他说了个丝袜，我发现你们。好像脑洞都大开了，那这个有的时候也真的奇怪啊，我好大家看。你可以直接用它，也可以抓住其中的共同的好资，以三好服务串起民生幸福获得感都是可以的啊。那么各位当然你也可以直接以办好事，好办事事，办好破题会就啊呃，民生服务新篇章也是没问题。好吧好了，最后的话呢，我想问大家一下，你们觉得这几组词在单主题在双主题在多主题当中重不重要？重要的话，给老师打个一不重要的话，给老师打个二，我基本上给大家，我知道你们的痛点在哪里啊？这个讲义上没有。能不能今天晚上动动你上岸的小指头，把它给我抄在讲义上？能的话就打个能，不能的话就打个不能，各位我不需要你们哎，别很多同学就说老师怕写一样，你把它背下来不就行了吗？你稍微组合一下，各位这是多少个词？42个词，然后呢？你想想。a4十二三你就可以有支持多少多少，这种组合很牛逼的行吗？同学们。好了，我请问大家一下，如果不顾的话，再给你们来一组行吗？能不能把它抄一下？各位每天都要打卡啊，打卡的话我会给你送考前十大热点话题的，就是今年国考行政执法的大指纹，你就看东哥有没有给你压中啊，如果没有猜中。十大热点话题，到时候你们就直接来干我行吧？哎，你给我坚持打卡，你打十次卡行吧，打十次卡，我让你打的卡的内容，你把这个给我抄一遍，或者你你写成其他的，我也不管你。行吧，进去之后听一下大作文的大作文，给你做了一个打卡的说明，已经说了怎么打卡不打卡不给领了，你到时候别找我啊。然后他说那老师不打卡，那不行不行，你给我学一下行吗？大家觉得这节课有收获吗？有收获的话给老师打个一，没收获的话只能给老师打个二了，哈哈哈，各位。好好的加油啊，考试的时候你们记住了，一共只会考察单主题，双主题，还有多主题这三种。双主题的话呢，要分清楚是ABC还是AB，其实就可以了，好吧，那么就是这三种先要识别，然后再用底层思维标题。等于对策，再加上一个影响啊，当然多主题呢，标题可以只写对策啊，双主题AB的，它有点特殊，就是a与b。然后叫什么双向？奔赴再加一个词叫什么词？共创。未来一起把它搞定啊，双向奔赴，共创未来一起把它搞定好吧，这个ABC也把它搞定。大家觉得可以的话。记住了哈，各位，这节课讲到这儿，我有一种深深的感觉，这次你一定会上岸的，这局就是必胜局，以后你也会别别被别人戏称为母局母畜母亲。虽然现在你可能还有一点点灰头土脸，但是来日当你穿上制服的时候，会发现这一切只不过是逆风翻盘的序章。好了，把我的面试时间敲在评论区吧。把面试卷敲在评论区，我基本上把理论和刷题都带着大家一起做了哈，因为让你们自己写的话呢，很多同学自己写，他不愿意写。所以我就干脆带着大家一起给你完成了，行吧？稍微拖累点十分钟啊，你们也别生气好吧？嗯嗯嗯。啊。一次爱的他太过孤单，就坚强，每一次就算他受伤。夜幕下的泪光，我知道你我已。
8e71773dbb65864379a16c51056690ad,3064,6522.18,30129,他对你说，你什么都知道，这一种感觉，你舍得给你。我的爱溢出就像雨水院子落叶，跟我的思念厚厚一叠，几句是非也不。发现我的热情冷却，你出现在我诗的每一页雨下整夜。我的爱溢出就像雨水窗台，明月夜想是你分别的每一章节，我却在写。的永远爱你是天使的结尾，你是我唯一想要的结。啊。啊。雨下的大雨，我的爱溢出就像雨水。的滋味有个我的思念，我愿意结局是非。也无法将我的热情冷却你出现在我诗的每一页。那慢慢的打碎幸福的这个季节和你的脸颊像田里熟透的番茄。你的人都说请你相爱，如此刻却只想亲吻你倔强的。在雨下整夜，我的爱溢出就像雨水。天天的夜，留给我的思念厚厚一叠，几句是非也无法将我的热情冷却。你出现在我诗的每一页，这片片片我的爱溢出就像雨水。像太平天，我像是灵魂被的美丽照片。从前那永远爱你，写进诗的结尾，你是我唯一想要的结。嗯。嗯。啊。同学们。为了鼓励你们来的话呢，抖音同步给你们出那个答题卡和摇摇乐的啊，希望你能够抽到很多同学，抽了我20多个答题卡了，我的妈呀。反正大家就跟着学吧，好吧？如果你自己已经解决了摇摇乐和答题卡，可以不用再抽了。看过关里好多颜色，小爱同学，我在。播放。平凡的世界里的挣扎。小爱同学播放化身孤岛的鲸。好呀，小艾和你一起欣赏音乐会员，尊享歌曲周深的化身孤岛的鲸。我是只化身孤岛的蓝鲸，有着最巨大的生命。雨下在身侧穿行。也有飞鸟在背上停。我路过太多太美的奇迹，如同一点般的陷阱。而大海，太平，太急。多少故事无人倾听，我爱地中海的天气。爱西伯利亚的雪景还万丈，高空的鹰耳朵皮下的造型。我在尽心尽力的多情，直到那一天。你的衣衫破旧而歌声却温柔，陪我漫无目的的四处漂流，我的悲泣如黄秋，而你却微笑感受。手把它当成整个宇宙，你与太阳为首夜总，还有彩虹陪我挨天挨。你的四处风流，只是遗憾，你终究无法躺在我胸口，心上夜红，醉了，欢乐不休，把心思放逐。你。我是只化身孤岛的蓝鲸，有着最巨大的身影。雨下在身侧穿行，也有飞鸟在背上停。我有着太冷太轻的天性，对天上的他动过情。耳钉多，太远太近。辗转之后，各安天命。我未入过繁华之境。会听过喧嚣的声音，会见过海多生命，为何我换好心情？所以也未觉得样辗转有多么安静。你的一衫破旧而歌声却温柔，陪我漫无目的地四处漂流，我的悲喜如黄酒，而你却微笑还是。手把它当成整个宇宙，你也快要回首，别总还要问候，陪我爱天爱地的四处狂流，这是遗憾。你终究无法躺在我胸口，心成夜空最辽阔的不朽的星子，很如梦。你的指尖轻柔抚摸过我所有风往冲冲冲，我的愁如重口，你眼中有春与秋成果，我见过爱过。亲爱的同学，暂停。好了，所有的同学，如果你们能够听见东哥的话呢，请把你们具体城市的名字签在评论区，让我看一下大家都是哪个地方的人？好吧，哎，让我看一下大家都是哪个地方的人好了，来自于各个城市的同学都有啊，我们这节课呢，给大家讲大作文写作的开头。希望通过这节课的讲座呢，能够让你对大人们的开头啊，能够立竿见影的把它掌握，然后还能够写出一个。既比较模板化，又能够在模板化基础上进行个性化的开头，我们其实不是模板，我们其实叫底层思维。好了，为了防止大家记错的话呢，我先给大家讲一下整个的大指纹的开头，现在我问大家一下有没有同学在遇到大指纹？开头写作的时候，大脑会有点空白，我现场调研一下多少同学拿到一个大作文的时候，写作的时候脑袋是空白的。各位，如果你脑袋空白呢？我问一下大家，你觉得最重要的是你因为。不知道写作的逻辑还是最重要的是你肚子里边没有货，你觉得这两个原因哪一个原因是要排在第一位的同学们，能不能告诉我？就是我拿到一个大作文，或者我答一个面试题目，我的妈呀，上来之后我脑袋就是空白的，记住了很多同学以为自己是没有货，真的不是这个样子的。实际上是你不知道写作的逻辑，就是不知道整个开头应该怎么写，拿到之后脑袋就是空白的。好了，那我们先教大家一下写作的基本逻辑，大指纹的开头写作基本上就记住基准基本逻辑，大家记住这四点。也就行了，由这四点就可以进行一个千变万化大作文的开头，首先要写一个名言警句。接着要写一个影响，接着要写一个过渡句，接着要写一个总论点。四句话就能够成为一个开头啊，有人的话呢，走七步就能写一首诗，你想到这四个数字。就能够写一个开头，我现在问大家一下，你们觉得就是我给大家写的名言警句。还有影响。还有过渡句，还有总论点，我们上节课是给大家讲的哪几个点，哪位同学能够告诉我？请问过渡句是我们到考场上在想，还是我们提前考试之前就把它给背下来？哪位同学能够告诉我上节课是不是就已经给大家讲了过渡句，考试之前就可以把它背下来，到考试的时候直接用也就可以了。所有的同学，哪位同学能够给老师想出一个比较像模像样的过渡句，可以给老师敲在评论区，哪位同学可以告诉我。哎，到底有什么可以作为过渡句呢？比如说历尽天华成此景。历尽天华。成词景有没有同学知道下一句叫什么？人间万事。出艰辛。人间万事出千心，还能不能给老师想一句类似的，比如说雄关漫道。真如铁而今漫步，从头越还能不能再给老师想一句哎比较合适的？脚踏人间正道。何惧世事沧桑，还能不能给老师讲一句征程？万里风正尽。重任千钧再出发，还能不能再给老师讲一句风雨多，,如果组合起来。能不能支持大家写出几十万种不同的文章，完全是可以的吧？你名言警句不一样，你背景不一样，问题不一样，成绩不一样，影响不一样。这些组合排列组合起来无穷无尽啊。行吗？在你们的讲义最后它是和我这个PPT是同步的。大家能背吗？我希望您给老师去发个小试行不行？能不能再发个试？各位，这节课一定要打卡啊。一定要打卡，你自己给我写一个开头行吧，自己写一个开头，写完那个开头，然后后面一定加一句。不被是小dog。求求大家了，我给大家说一下，给大家做这个研发真的也是挺累的。我问大家一下，具体多少亿啊？自己往讲义上翻一下，静下心行吗？静下心还多少页都不知道了，现在就把你惯的就已经要上天了，让你背都不背，还多少页？这个PPT和你们的讲义是同步的。能背吗？能背的话，给老师打个一，你甚至都不愿意称我一声教父oh my god，现在还在为我讲义多少页？oh my god，一路走来你也很不容易吧，工作上的压力，情感中的辛酸，生活当中的挫折。曾经让你濒临崩崩溃吧，你小学没考上好的小学吧，中学没考上好的中学吧，大学没考上好的大学吧。经历了一个又一个的磨难，再回首那些当时你以为过不去的坎也已经渐行渐远了，人这一生啊，就是一个不断。开网。不断向前的过程吧，那些你以为永远无法释怀的伤痛，终会在时间的冲刷下慢慢淡去，当你学会与自己和解，与过去告别，你就会发现原来生活还有这么多美好，等待你发现。但是这些美好需要你备一点东西行吗？真正的强大不是从不流泪，而是流过泪之后依然能笑着面对生活，笑着给我背啊。能从悲伤中落落大方，走出来的人都是艺术家，你不背你肚子里面没有货，你天天就讲着个性化个性化。有用吗？请问大家一下，如果你真的就是肚子里面实在是没有货，你天天在里面跟着我们这些同行去喊个性化，个性化，个性化。有用吗？同学们有用吗？哎，别人的个性化是真的能够展现出自己高的水水平，不管是创造力还是想象力，你的个性化。完美的展示了你是什么小学，完美的展示了你是什么中学，完美的展示了你是什么大学，你这辈子谈过几次恋爱，有过人爱过你吗？你自己什么水平你不知道吗？你如果觉得自己过去不是那么光彩的话，光辉的话，辉煌的话，你先把它给我背一背。行吗？然后你会发现你背的多了，你就能够变成艺术家了。行的话，给老师打个一同学们，把艺术家打在评论区。把艺术家打在评论区，小爱同学嗯，播放平凡日子里的挣扎。好的，小艾想陪你一起听会员歌曲，小鹿的平凡日子里的挣扎，因为我知道你们背起来肯定很痛苦，但是每一个就背五组。其实是可以的，时间来得及，同学们加油吧，加油，我研发到位了，需要你们配合我。只要你总论点分类点不跑题，肯定拿下肯定拿下，今年研发绝对牛逼绝对牛逼，你待会背的时候你一字一句你就知道东哥多牛逼了啊，不是东哥这个研发多么好了。记住啊，打卡打卡，还有素材十大热点话题，最后猜不中直接来干，我猜中了。你甚至都没有喊我一声教父oh my god。我眼泪。不知道人间生活的人总是百般滋味。也知道成年人的世界会在瞬间崩溃。我们留在平凡的日子里，拼命挣扎，拼命想付求别人期待的人呐，就算四海为家，就算风吹雨打。也要微笑着说，我还好，我们躲在无人的角落里捡拾伤疤，拼命的不想让眼泪流。
eaf199121139c7213f121e7e7e86f5a5,2989,6208.87,28638,哦，也开始看到底将眼望着这风景即出戏。因为我们等不到那流星。真正就决定命运的定义，却不知道到底累。去哪里已经长大？缓缓飘落的枫叶，像思念我点燃烛火，温暖岁末。的纠结。月极光越过天边，被风越过生命的容颜。我把爱烧成了落。也爱你，会不会熟悉的那张脸温温的我的梦里相思念？会有晚，会有站在空调来之前。爱你穿越时间，两个人子偷摸着眼泪。让爱颤动了一遍，我要的词是你在我身边。小爱同学暂停。听说你现在一个人睡，后来你少的婚姻。我听到这里如此难过。又拼了命的想要保护他们，说提起我，你沉默。像写着酒瘾，分着对错，我不懂得你情深似海。你不懂得我思念成碎。不如去地面，哪怕。是你让我的心痛，一天比一天深。啊。我不明白这世界为什么会让我感到那么的伤悲。我不知道相爱的两个人留不住一个褪色的诺言。我不了解沧海桑田，能将一切相信的事改变。我不相信付出过的真心，要收回就能收。啊。啊。好嘞，同学们，大家如果在的话呢，可以把你们城市的名字呢敲在评论区。让我看看你们到底是哪个地方的人好吧，哎，让我看看大家到底是哪个地方的人好吧？看大家是哪个地方的人？哎呀，这么多地方啊，这下大家相信我的直播间不是水军了吧？这个你看打的地方都是不一样啊。好了，这节课的话呢，我问大家一下，就是上了这个大嘴上的第一节课，绝对有进步吗？同学们有进步的话，给老师敲个一，没进步的话，给老师敲个二。各位，我是把大总位给大家拆解的，非常细啊，一个板块一个板块，一个螺丝一个螺丝，给大家拆出来，先学会打螺丝，然后把这些螺丝总结到一起，就能够成为一辆车了。行不行？好了，所有的同学们，我们这节课也就开始了，这节课要给大家讲的是一个双主题，我们带着大家来看一下我们今天的。题目哈，今天要给大家讲的是双主题，还有是多主题，很多同学呢，可能连双主题和多主题是什么都不知道，我们给大家。展示一下，基本上把这几年的题目都会给你看到，首先大家来看一下，在这样的一个题目当中啊。我们问大家一下，拿到这样一个题目，以大变局，大变革，大事件中的困难与机遇同在，挑战与希望并存为话题。自选角度，自拟题目写一篇议论型的文章，我现在问大家一下，如果我们要拟。标题的话。你们觉得前半句应该写什么？后半句应该写什么？咱别管它是就是单主题，双主题，多主题，我们审题的时候只有一个底层思维。是不是前半句要写对策，后半句要写影响啊？这是一个基本的底层思维。这个大家能够同意吧？好了，那我问大家一下这个对策。有两种来源，第一种可以从材料当中直接摘抄，第二种可以从材料当中的问题进行反推。大家能够同意吗？请问大家一下，你觉得整个题目当中的这句话，哪一个词可以和对策发生关系？同学们告诉我哪一个词或者哪几个词可以和对策发生关系，各位如果是我在这边看看了半天，我还真的没有看出来哪个是对策。但是后来我想能不能找到问题呢？这里面表示问题的词是哪个词？看看有没有同学能够把它找出来，表示问题的词是哪个词？你会发现困难是一个问题。挑战是一个问题，好了，那我们就把困难与挑战写在对策这困难。与挑战写在对策这前面给老师加一个动词，加哪一个动词比较合适？有没有同学能够告诉我困难与挑战加一个动词，大家一起写。战胜困难与挑战，一起把它搞定OK，然后它会有什么样的影响呢？哪位同学能够告诉我？这个影响就是机遇和希望，我们把机遇。与希望。一起搞定。好了，这个机遇与希望前面加一个动词，你们觉得我们战胜了困难与挑战之后就会怎么给予？希望给老师想出一个动词。是不是赢得呀？你看我们即使遇到一个双主题的，它的底层思维依然是前面想对策，后面想影响。依然是要把材料当中最重要的关键词给我写到对策和影响里边，大家现在给我牢牢记住一句话，如果你在考试的时候你没有。你的标题当中没有覆盖题目当中的关键词，你一定记住袁龙老师像一个大哥哥一样站在你身后说。跑题了，同学们把跑题了。一定记在心中好吧，把跑题了，记在心中怎么不跑题呢？永远把这五个字记在心中题干关键词一起敲敲评论区。这节课就让你敲这一次题干关键词，你记住了，你如果在考试的时候，你觉得你要发挥自己的水平了，发挥自己的文采了。但是你标题没有含有题干当中的关键词，大概率就要挂了，它在这个地方要求的大家是稳是准确。好，我们给大家来看一下我们成型的一个开头，这个不就把它写出来了吗？你看战胜困难与挑战，赢得心与寄望。下面也就很简单了，加一个过渡句，然后呢，总论点呢，就等于标题战胜困难与挑战。然后呢，赢得机遇与希望，后面再随便加一句话也就可以了，各位如果这句话我加不出来的话，请问我可以用哪句话代替？同学们，有没有同学能够给老师写出来？我很简单，我就把这句话写成书写，高质量发展新篇章。构建高质量发展新格局。共创高质量发展新呃呃呃，美好未来。还有破化高质量发展新蓝图。一定给我记住了，最后的这句话，战胜困难与挑战和标题呼应，赢得给予希望和标题呼应。现在清晰了吧？至于这句话，那有的同学说老师这句话我不会写，怎么办？哪位同学告诉我？这句话不会写，应该怎么办？这句话雄关漫道真如铁，而今漫步从头越，哎哎，追风赶月莫停留，平无尽处是春山。是吧，这些都是可以的，一定把它给我记住了哈，哎。好了，再带着大家接着往下走，我现在要求大家审视一下这个题目，永远的琢磨一下。标拿到这个题目。依然先判断一下它是单主题还是双主题还是多主题，这个是非常重要的同学们。你会发现它有两个词啊，这个题目呢，我不怪大家这个题目，其实在考试的时候它是一个单种题。明白了啊，这个你们现在不看材料，会有这种误差，我完全能够理解，你们也不用理解它为什么是单主题，咱们现在不是讲那个具体的文章的时候，你就记住了。它是单主题，什么是单主题呢？也就是在考试的过程当中，就是这里面有一个明显的是在说对策，有一个明显的是在说影响。请问大家一下，如果我们假如通过材料已经确定了，它是单主题，你们觉得哪个词是在说对策？哪个词是在说最终的影响？告诉我，告诉我，如果说你不看材料，会有争议哈，我不需要大家看，大家现在就记住这个结论，因为我们每节课只讲一个小点，没有办法面面俱到。各位，如果在这个题目当中拟标题的话，我们通过材料判断出来了，它确实是一个单主题。单主题也就是这两个词，它并不是对等的关系，它是一个是对策，还有一个是影响这种。虽然它出现了两个词，也是单主题，请问这个对策哪个是单主题？是不是要把民生小事写出来啊？民生小事，前面给老师加一个动词，请问大家下你们会加哪一个动词？把它变成一个对策，各位如果是我的话。我会把它写成做好民生小事，哎，做好民生小事，它对国家大事有什么影响呢？哪位同学给老师加一个动词呢？,围火行不行？还有围聚行不行？你看慢慢的在加强，我问大家一下，还有什么？维语行不行？还有什么ve行不行？还有什么维持大家觉得行不行？好了，尾股大家觉得行不行？还有一个围巾，大家觉得行不行？还有个什么维迈，大家觉得行不行？各位，还有什么你看本来有同学不会的，我也感谢那个同学，自从那个同学学了，说了一句丝袜，现在评论区现在都来劲了，想象力打开了。我的妈呀，有的时候我可能哎，可能我这个教学也不行，我应该让这个打丝袜的这个同学出来讲课啊，我我刚才说说了半天憋不出来，自从他说了个丝袜，我发现你们。好像脑洞都大开了，那这个有的时候也真的奇怪啊，我好大家看。你可以直接用它，也可以抓住其中的共同的好资，以三好服务串起民生幸福获得感都是可以的啊。那么各位当然你也可以直接以办好事，好办事事，办好破题会就啊呃，民生服务新篇章也是没问题。好吧好了，最后的话呢，我想问大家一下，你们觉得这几组词在单主题在双主题在多主题当中重不重要？重要的话，给老师打个一不重要的话，给老师打个二，我基本上给大家，我知道你们的痛点在哪里啊？这个讲义上没有。能不能今天晚上动动你上岸的小指头，把它给我抄在讲义上？能的话就打个能，不能的话就打个不能，各位我不需要你们哎，别很多同学就说老师怕写一样，你把它背下来不就行了吗？你稍微组合一下，各位这是多少个词？42个词，然后呢？你想想。a4十二三你就可以有支持多少多少，这种组合很牛逼的行吗？同学们。好了，我请问大家一下，如果不顾的话，再给你们来一组行吗？能不能把它抄一下？各位每天都要打卡啊，打卡的话我会给你送考前十大热点话题的，就是今年国考行政执法的大指纹，你就看东哥有没有给你压中啊，如果没有猜中。十大热点话题，到时候你们就直接来干我行吧？哎，你给我坚持打卡，你打十次卡行吧，打十次卡，我让你打的卡的内容，你把这个给我抄一遍，或者你你写成其他的，我也不管你。行吧，进去之后听一下大作文的大作文，给你做了一个打卡的说明，已经说了怎么打卡不打卡不给领了，你到时候别找我啊。然后他说那老师不打卡，那不行不行，你给我学一下行吗？大家觉得这节课有收获吗？有收获的话给老师打个一，没收获的话只能给老师打个二了，哈哈哈，各位。好好的加油啊，考试的时候你们记住了，一共只会考察单主题，双主题，还有多主题这三种。双主题的话呢，要分清楚是ABC还是AB，其实就可以了，好吧，那么就是这三种先要识别，然后再用底层思维标题。等于对策，再加上一个影响啊，当然多主题呢，标题可以只写对策啊，双主题AB的，它有点特殊，就是a与b。然后叫什么双向？奔赴再加一个词叫什么词？共创。未来一起把它搞定啊，双向奔赴，共创未来一起把它搞定好吧，这个ABC也把它搞定。大家觉得可以的话。记住了哈，各位，这节课讲到这儿，我有一种深深的感觉，这次你一定会上岸的，这局就是必胜局，以后你也会别别被别人戏称为母局母畜母亲。虽然现在你可能还有一点点灰头土脸，但是来日当你穿上制服的时候，会发现这一切只不过是逆风翻盘的序章。好了，把我的面试时间敲在评论区吧。把面试卷敲在评论区，我基本上把理论和刷题都带着大家一起做了哈，因为让你们自己写的话呢，很多同学自己写，他不愿意写。所以我就干脆带着大家一起给你完成了，行吧？稍微拖累点十分钟啊，你们也别生气好吧？嗯嗯嗯。啊。一次爱的他太过孤单，就坚强，每一次就算他受伤。夜幕下的泪光，我知道你我已。
06333a1e0801c80b451e3205bf860ad4,3203,6587.8,30721,要别人去。小爱同学哎。播放。起风了，请问你想听什么呢？播放起风了。好啊，一起听起风了，试听版手机打开小米音箱APP，开通音乐会员听全曲。这一年你想走走停停转转，想你飘的如今白雨中洒进了情一刻，情有时候越多。小爱同学行。好了，大家能够听见吗？也今天晚上可能来的人比较多啊。我看见我们有很多同学都来了。好吧，有吗？有吗？好了，大家可以把自己具体的城市的名字敲在评论区啊，我看一下大家都来自于哪个地方？好吧，大家可以把自己的具体的城市的名字敲在评论区。哎呀，大作文的话呢，有的同学问我要不要预习，我给大家说一下，不用预习，但是需要大家能够该背诵的背诵。这个第一次上课之前呢，我就先问大家一下，我让你们背的东西，你们能不能背，如果最后压不中，你们可以直接来骂我，但是如果最后压中了，你没有背。然后呢？到时候我骂你，你觉得同意不同意的话，我们第一节课就表个态好吧，我再给大家说一下啊。不背的话呢，到时候我就肯定我要直播课，我就开始骂人了啊，大家一定加把劲行吧？好了，我们呢，就是每天都有不同的同学加进来哈，也希望通呃，对了，我给大家做了一个开课，说明这个大指纹呢，也是给大家提供这个。大指纹也是给大家提供一个叫什么大指纹，也是给大家提供一个。我怎么给大家说大指纹也是给大家提供一个打卡的啊，大家听一下大指纹的开课，说明我们给大家呢？打卡有礼物送，一共打十次卡啊。这样的话，你会拿到考前的所有的押题的东西了，好吧？这节课的话呢，我们提前给大家说一下大节课呢，大总文的话呢，要比我们之大总要比我们之前的课的话呢，给大家额外加一节课，大家同意不？就原来我们这个课是给大家承诺的，是一共是19次课，现在要加一次课，一共是20次课。行吧，这个是希望大家那个啊，这不是违约，是因为我觉得备课的过程当中呢呃，稍微的再加一节课，这样大家可能消化的会更好一些啊。好了，废话不多说，我们这节课也就正式开始了，所有的同学，你如果能够听见的话，就给老师打个机，我们直播也就开始了哈。这节课我们先给大家问一下一篇大作文，你觉得它主要是包含几个架构，能不能告诉我？一个大作文，我们拿到一篇大作文，最重要的先要写什么？是不是先要写标题啊？好，接着写完了标题要写什么？是不是要写开头啊？写完了开头要写什么？是不是要写分论点以及分论点的论证啊？写完了分论点的论证，最后一步，请问大家一下写什么？是不是要写一个结尾啊？好了，所有的同学，那么我们呢？就是按照这种大指纹的要素，我们把标题和开头的。后半句这节课给大家拆解完毕，就像一个人一样，到底怎么画人呢？怎么画头？怎么画胳膊？怎么画腿？怎么画肚子？我全部给你讲清楚。好，我们带着大家来看一下第一个题目，大家首先给老师一起看一下整个的大作文，在命题的时候一共只有三种命题方式。第一种是叫单主题，第二种是叫双主题，第三种是叫多主题。什么叫单主题呢？也就是整个材料只围绕一个话题进行，这种情况就叫单主题。什么叫双主题呢？也就是整个材料围绕两个话题进行，这个就叫双主题。什么叫双主题？哪位同学可以告诉我这个双主题的话，各位认真的给我想清楚啊。双主题的话，主要包含两个话题，这两个话题，比如说让你红线。还有红利为话题写一篇文章，让你以变和不变为话题写一篇文章。这就是啊，双主题单主题呢，顾名思义就是一个词，让你以改革为话题，写一篇文章。什么叫多主题？哪位同学可以给我举个例子？多主题，它往往会出现三个话题，甚至是。四个话题，这三个话题它包含了什么？同学们能不能给老师举个例子？我们国考曾经让你立。礼还有利为话题写一篇文章，我们曾经呢，还让大家考过一个试叫。办好事。还有一个叫好办事。还有一个叫事办好哎，像这样的为话题写一篇文章，这些的话呢，我都希望大家首先要知道命题，不管是国考省考。还是选调生事业单位，只有这三种方式，现在清晰了吗？这节课我们就给大家。先搞定单种题，这种方式希望大家把总论点，分论点一定找准，我再给大家说一下啊，如果大家标题。和总论点在考试的时候直接跑题了，那么整场考试就失利了，你可以有任何的失误行测选择题错几个问题不大。室内前面漏几个词问题不大，但是。如果你的标题和总论点跑题了，这叫严重跑题，直接会给到四论文，哪位同学告诉我？就是大作文满分，你们考过试的同学知道是多少分吗？哪位同学可以告诉我大作文满分是多少分？大作文满分是40分，在考试的时候一共分成几论文，各位在考试的时候一共分成。四论文。这四论文请问大家一下。一共是哪四类？有没有同学能够告诉我这四类文一共是哪四类？有没有同学能够告诉我？各位就是一类，二类，三类和四类，请问多少分是一个档次？在阅卷的时候，一开始他不是直接给你，比如说31，18，29，他是要给你分档，各位是十分一个档次。四类门是零到十分。三类文是11到20，二类文是21到30，一类文是。31到40，大家觉得这个可以过了啊，各位在考试的时候他怎么阅卷？首先要看一下你的。标题和。分论点以及总论点是否正确，如果正确先往三类门以上，如果错了，直接干到四类门，现在听懂了吗？你如果被干到40分，也就是一个40分的题目，至少你会被扣掉30分，这个时候你申论的分数就会出现重大偏差。每年国考有50%以上的同学都是总论点，分论点，跑题所致。有没有同学在考试的时候？曾经有过这样的一个经历，也就是这次考试和那次考试。自己的分数相差很大，虽然间隔就是时间不太长，但是就这次考试和上一次考试间隔分数很大。这种同学很多都是出现在大作文总论点，仿分论点跑题了的，那么哎，然后你中论点分论点找对了，基本上它不会低于三类本的。接着，如果你的开头还有一个结尾写的好，会给你放到二类文，接着，如果你的分论点的论证写的好，就会给你放到一类文。大家觉得可以过了啊，好了，下面我就带着大家来看一个单主题的审题，审题是极其重要的。审题我们也是有底层逻辑的。各位，这个底层逻辑是什么呢？同学们一起给老师敲在评论区，记住标题。和总论点是什么关系？哪位同学可以告诉我标题就等于总论点。一定给我记清楚了，标题就等于总论点，总论点就是把标题给我改写成一句话。OK，那这个我当然知道，但是这个标题和从论点它的架构组成，大家一起写前半句找对策，后半句找什么？哪位同学可以告诉我后半句，你就给我找影响行就可以了，就是对策加影响。这个对策加影响，请问在考试的时候是以我们自己想象为主，还是以题干当中的原词原句为主？这一点是非常重要的方法论，如果你这个搞错了就没救了，很多同学遇到大主意，总觉得哎呀，终于不受八股了，终于可以随意发挥了不是。一定以题干为根本原则。好了，那拿这个题目做一个例子来讲，大家看这个是根据材料八中有的人对全民阅读的要求。诗书满腹，拓展人生。全民阅读引领未来这一主题，写一篇文章，大家看它是一个主题，这里边我们要找出一个对策。这个对策，请问从题干当中的这句话，你给我选出一个最重要的，可以作为对策的，大家觉得可以选择哪个词作为对策？你会发现，要么选择诗书满腹，要么选择全民阅读。请问大家一下，是选择诗书满腹呢，还是选择全民阅读呢？各位选择一个比较规范的，包容性比较强的，我会选择。全民。阅读一起把它搞定。好了，我问大家一下。如果我想把全民阅读变成一个对策，前面加一个动词，大家觉得加哪一个动词比较合理？同学们告诉我一下。全民阅读我，你会加哪个动词？先不要加以色列的以啊，我们可以加一个什么？推广全民阅读，可以很多同学找到了推广全民阅读，各位下面有没有同学能够给老师再找出一个？影响这个影响可以用题目当中的关键词，你觉得拓展人生和引领未来选择哪个词概括性可能更强一些？同学们告诉我，推广全民阅读，那么我觉得这个未来是非常好的好，我把未来写在这个地方。哎，我要把它变成一个影响前面加一个动词共创。,你平常连个脑子都不愿意用，东哥把脑子直接给你放在这了，好以什么积极带动整体跃升哎，你四个字的也给你准备好了。以什么延伸撬动持续价值？以什么兴村激活内生循环，以抓什么根本夯实物质基础，锚定什么方向走实之路？各位，我就看以后谁谁要再说跟着我学大作文模板，只能拿个基础分，我真的我我有时候你知道吗？我真的也很悲哀，我那些同行侮辱我就罢了，有的个别同学真的就是哎呀，你想想这些东西，你稍微换个词不就是不用模板的吗？我把你教会，肯定我要先给你讲一定的基本规律啊，那哪个老师前几节课不给你讲哪个基础的东西啊，不得给你讲哪个模板啊？俺给你发弄这个模板，俺费多大力气啊，俺得想很多很多时间给你弄成不重样的，把素材给你准备好了，有哪个老师能够像俺这样用心啊，俺一节课俺就收恁几毛钱。结果你好，你你不但不甘心，你还到处去骂俺，你弄的俺课都卖不动了是吧？你能闹的话，那那真太闹了，那那这些人实在是应该好好反思一下自己。是吧，明明自己肚子里面没有货，然后呢，到最后吧，那都怪老师，哎呦什么，给你个模板，老师给你模板，你不会换个词啊，你看我统统一就是一破题，换了那么多次。不就行了吗？我刚才夸了你们很多方面啊，大家。哎，你们我用我一夸人呢，就想用山东话啊，所以的话呢，你你你没听懂，你就记住东哥是夸你的也就行了，好吧，好好的把它看一看，背一背好吧。好了，各位，我再给大家说一下，今天已经开始进行大指纹了，我现在告诉你们，如果小题。你前面的小题没有听的，你就抓紧时间补一下回放，能做到的话给老师打个一好吧，然后呢大作文呢，如果有直播，你就尽量的跟直播，他和前面的小题呢？不冲突，我们一起呢，跟着我把这个课搞定行不行？我给大家说一下，因为大作文这种东西啊，申论这种东西尤其到了大作文没有老师带着很多同学，他自己根本就不愿意去写。你们是这种情况的话，给老师打个六，不是这种情况的话，给老师打个七，有有老师带着呢，我都是一句话一句话带着你写，你也能够跟下来了，各位，你这样跟下来。我最后大指纹其实提分很快，我有绝招帮你的，但是我请你配合我一下，每节课听完了，自己找几个标题写一写，每节课让你背的东西，你把它背一背。你会发现你一直在进步，你的进步，你一定是能够感受到的，行吗？好了，所有的同学最后鸡汤的环节，你可以消沉，也可以抱怨，甚至可以崩溃，但是你一定要懂得自愈，当你内心足够坚定的时候，谁也没有办法影响你。人生有梦，还是要追啊，一生中中要努力做自己喜欢的事，成为自己想成为的人，人生中需要有那么几个瞬间，让自己开心到爆。幸福到晕，请问这几个瞬间对于你们来说包不包刊考上公务员，同学们可以在评论区告诉我？如果考公是一件可以让你人生当中几个瞬间让你开心到爆，幸福到晕的事情，那么我希望你勇敢的追梦。但是为了这份幸福，你可能要付出一段时间的努力，人不能苦一辈子，但是总要苦一阵子。行吗？同学们，人不能苦一辈子，但是总要苦一阵子。今年你就必其功于一役，把它给我考上去，如果每年付出一分，十年付出十分才考上的话，你不如今年就直接干个十分的努力。直接干上去，以后再也不要学行测，再也不要学申论了，好好的幸福吧，大好的青春年华应该浪费在为人民服务上，应该浪费在。去看祖国的山山水，水上应该浪费在和自己的亲人爱人共处的时光上。希望大家能够加把劲，小爱同学，我在播放一路生花。好啊，请欣赏一路生花试听版手机，打开小米音箱APP，开通音乐会员听全曲。把面试页敲在评论区。要给大家加一节课啊，加一节课，因为我们给大家准备的研发的东西太多了，需要加点内容啊，卖课的时候说是19节课，实际上也给你加课的，别着急。幻想像年少的梦，话不在天空，等海鸥先走它。讲义QQ群里面都给你们传啊。悲哀吧。
f49086de85b5524923f29f7bceff487a,3073,6106.92,30219,各位，这是直播吗？当然是直播啊，我们这个给大家重新直播一下，刚才的话呢，有的同学觉得就是音话呢卡顿，然后我们APP呢，给卡顿了。各位，你们星期四为什么来听课的有这么多人呢？各位。听课的话呢，今天晚上我晚来了一回，一般因为大家知道我们现在同时在线两万多人，我都提前十分钟来，今天晚上我就提前五分钟来就导致卡顿了。我以后还是再提前一点过来行吧，你们星期四都不上班吗？各位星期四还来这么多人，星期四感觉到哎呀。应该来学习了，你们是什么心态？突然一下子良心发现了，要来学习了，嘿嘿嘿。好了哈呃，等大家两分钟给大家直播行吧，等大家两分钟，因为有的同学呢，还没有完全来行吧？稍等一下，星期四。OK也也真是不容易啊。你们都是哪个城市的？看一下大家家乡的名字。这个每一天都给大家直播，有的时候呢，给大家聊天也比较少，今天的话呢，也挺开心的哈，很多同学呢，现在开始学习了。各位，你们知道我现在的课卖了多少人了，我给你们说一下，我现在的课今天的话呢，估计我早看了一下，突破了12万人以上了。这去年的话呢，我们一个多月才卖了一万多人啊，现在的话呢，两不到两个月吧，卖了12万多人了。这个这个不是代表我厉害哈，代表现在可能考公务员的人越来越多了，这个所以的话呢，我能够理解大家的这种压力和焦虑，大家也都是不容易的。就是你只要把我的课程扎扎实实，学会也就可以了，行不行就是申论的，不管是小题还是大作文，我希望大家能够扎扎实实的呢，就是动手去写一下，去做一下。你不做的话，就可能永远会处于一听就会一做就蒙的这种状态里面去好不好？哎，大家一起加油吧，兄弟们。山东滕州的OK东哥是申论顶流，那也不一定哈，就是我们带着大家呢，每天坚持学习吧，反正我觉得我还是比较真诚的。就是讲的方法呢，也都是尊重原文原句的好吧。好了，所有的同学，我们再测一下声音和画面，如果大家觉得不卡的话，就给老师打个一，我们来看一下有没有问题啊？好了，如果大家觉得不卡的话，就给老师打飞机OK，然后我们整体来讲的话呢，这节课再给大家讲多主题的大作文。这个多主题的大作文呢？我们来看一下，应该怎么把它搞定？各位，我们来看一下这个题目，我给大家念一下题目叫给定材料四中提到。社区吹哨，既要吹得准，还要吹得响。吹得久，请根据对这句话的理解，结合社区治理自选角度，自拟题目，写一篇议论文。现在我要求大家抓紧时间看一下题目当中的这句话，审完了题目之后，你脑子当中一定要记住东哥站在你身后问。它到底是在考单主题还是双主题还是多主题？同学们敲出你们的选择。各位，它是不是在考一个多主题啊？那么多主题，它一般来讲的话呢，就是涉及到大于等于三个字。大于等于三个词，大于等于三个句子，各位大家觉得这句话当中最重要的词或者句子是什么？能不能给老师？敲在评论区，各位，你觉得这句话当中最重要的词和句子是什么？各位第一个叫准，第二个叫想，第三个叫久，大家能够同意吗？所以对于我们来讲的话呢，也就把它搞定了，叫做准叫做想叫做酒OK，那么我问大家一下。这样的一个主题，各位告诉东哥，这样的一个主题，各位它标题应该怎么写？标题前半句应该等于对策，后半句应该等于一个影响，大家同意不？各位那么这里面的对策叫吹准。叫吹响，叫吹酒，还有叫做吹哨，那么我们在考试的时候可以投机取巧一下，你把它给我写成一个叫做吹哨。OK，大家把吹哨给老师一起写下来，那么这个吹哨它指的是一个社区吹哨，这个社区吹哨前面能不能给老师加一个动词？把它给我变成一个短标题，各位什么叫做社区吹哨呢？我们前面加一个动词，叫做好社区吹哨，大家觉得可以不？那么，做好社区追少下面，我问大家一下，它会产生什么样的影响？题干当中还漏掉了哪个词？我们把它写进去。各位做好了撤区吹哨，对什么有影响呢？肯定是对社区有影响，肯定是对社区治理有影响，所以我们把。社区治理给老师一起也要塞到我们的标题里面去，前面给老师加一个动词，同学们，你们觉得做好了社区吹哨，它对我们社区治理会有什么影响？能不能加一个动词？各位，我们可以加一个动词，叫做优化社区治理，大家能够同意吗？叫优化社区治理好了，这个就是我们的一个标题。那么，这个标题同学们告诉东哥，怎么把它写成一个总论点？各位大家如果上过我们的课，都知道标题应该等于总论点。总论点要放在什么位置？是不是放在开头的最后一句话好了，我今天呢，教给大家一个比较通用的写法，我希望大家可以把它记下来。这种多主题的考起来，你可以准备一个模板，最后一个最后一个的时候，我会给大家再总结一个模板，大家看我就直接写一个。社区吹哨叫唯有。唯有。一准。要加引号为基，一般这种多主题的，它内部之间都有一个递进的关系，叫理想。伪药。再写一个叫已久。怎么样？围钢哎呀，下面方能破解社区治理痛点。把标题给我改写成一句话，方能破解。社区。治理。痛点。OK，完了之后下面让社区治理。怎么样更优化？不太合适吧？让社区治理叫更有温度，把它稍微变得通顺一点。让社区治理更有温度，下面叫更富效能，大家觉得可以吗？好了，如果你这个总论点会写了，那以后大家遇到这种所有的总论点应该都会写了，为什么呢？大家看我们上节课。讲的多主题的，有没有同学还记得是哪三个词告诉东哥上节课是不是给大家讲了一个叫做新路？还有一个叫做新路，还有一个叫做新路，大家一定要上一节课就能够会一类题，这样学习的效率才会更高。多学会总结，我问大家一下，那么心路心路心路这句话我们可不可以，唯有以心路为基，以心路为要，以心路为纲。方能破解社区治理的痛点，让社区治理更有温度，更有效能。大家觉得可以不？各位你们记住这个标准也就可以了，到底什么是基，什么是药，什么是钢，各位。我问大家一下，顺序变了行不行？那么以准为基，以想为纲，以久为要，行不行？依然没有问题。好吧，所以你一定要学会总结会一个题目，就会一类，这样你学习的效率就上来了，那么这个题目如果在考试的时候比较靠谱的情况之下，我问大家一下。我们需不需要解释一下，准需不需要解释一下，想需不需要解释一下九，我们唯有以追以准为基，做到精准服务，以想为要做到响应。及时以酒为纲，做到久久为功，方能破解社区治理痛点，让社区治理更有温度，更富效能。大家记住了，如果你在前面没有解释，那就一定在总论点里边把这三个词解释一下，这几年命题的方向都是需要大家解释一下的。这样你就能够拿到更高的分数了，如果你不解释的话，肯定是不行的好吗？你们觉得可以过的话，就给老师打个过。那么也就可以了，这个总论点和标题我都就给大家讲完了，那么讲完了总论点和标题之后，我问大家一下，我们下面要找什么了，就是在整个考试的时候。找完了总论点，找完了标题要找什么了？是不是要找分论点了？各位有没有同学能够告诉我这个自选角度的角度是代表什么角度？同学们告诉我自选角度的角度，在我们考试的时候，分论点的角度，大家再次跟你们强强调一下，就是要么是找对策，要么是找影响。要么两个一起整明白了吗？好了，那么大家来看一下这个题目。从题干当中已经能够看出来有几个分论点。同学们告诉我，题干当中已经能够看出来有三个分论点，第一个叫做准。第二个叫做想，第三个叫做久，我问大家一下分论点写作的方式，一共有几种方式？各位，一共是不是有三种啊？再复一下，第一种是总论点，加上对策，第二种是总论点，再加上影响。第三种是总论点，加上对策，再加上影响，大家同意吧。好了，这是我们的三个分论点，那么我问大家一下这个题目，它是让我们写成议论文，我们考试的时候是写总论点加对策。还是总论点加营销，还是总论点加对策加营销，你们觉得哪一个更好？我们本着全面的原则，如果真的想提升自己的申论成绩，一定选择第三种一轮，当然有的同学他110斤，120斤的反骨就选择了第一种和第二种。肯定也是可以的，但是我建议大家尽量全面好了，有没有同学告诉我总论点是从哪里找同学们？总论点是哪里？找总论点你就通过标题找总论点，要么是标题的前半句，要么是标题的后半句。好吧，那么我们假如说选择前半句，因为这个题目选择前半句肯定是更好的，你叫做。做好。社区吹哨。做好社区吹哨。好了，我问大家一下，下面分论点，如果写对策的话，通过题干能够把对策写成什么样子，快一点告诉东哥。我可以稍微的包装一下，叫做要在。准上下功夫，可以加个引号，要在准上下功夫。好了，我问大家一下，还有什么下面叫做要在？向上。动真格。OK，一起把它搞定，那么第三个还有什么告诉我，,各位大家能够跟到现在，其实你已经胜利了，你已经胜利了。各位整合版的会给大家整合的，大家不要着急行吧？好了，最后的话呢，我给我问一下大家，你觉得你听完了我这个大指纹到现在有进步的就打个有进步，没有进步的就打个没有进步，我看一下大家的情况。这是我们的这个大主门的倒数第二节课了哈，我们最后一节课呢，给大家放在下周三，大家觉得可以不？因为下周三之前呢，我希望大家最后一道题，我给大家用的是二五年国考行政执法的那个，为群众办好事的那道题。我希望每个同学都把它写一下，行吧，我给你用这几天的时间，你把它给我写一下，然后呢，你在抖音上或在小红书上呢，艾特我一下。行不行艾特我一下，到时候如果你觉得写的比较好的，你可以给我一下，我到时候呢再选一篇我们的好的同学呢，在我们直播间里面呢，给大家呢，就是展示一下。如果你能够被选中的话呢，我就把这个大型的99块钱的课，这个钱呢给你退回去了，就相当于给你的奖学金了。好吧，同学们，我够意思吧，我这个课的话呢，我我给大家说一下，很多同学就觉得我99块钱就赚了99块钱，没有赚那么多，但是。我连本带利都退给你行吧，只要你被我选中，我这时候给你一个星期的时间，你把它写完了，你再把它改写一下。行不行？你再把它改写一下，求求你了好吧，写完了之后你就把它改写一下那么。够意思吧。兄弟们，够意思吧，但是我不可能把你们所有人都选中哈，我只有觉得好的，我才我才选咱，咱挣钱也不容易，咱的钱也是钱。好吧，我就当成你的版权费了，行不行？到时候我在课堂上给大家，到时候展示一下我们的同学写的怎么样？二五年国考行政执法，全国的平均分呢，只有40多分。你如果二五年国考行政执法，其实考到57分就已经是能够进很多岗位，是可以进面的分数了，国考它确实比较难好吧，我希望大家真的最后你一定要把这一篇写一下。叫先努力再拥有啊，自律加努力加方法加坚持加时间就等于优秀，很喜欢的一句话。种一棵树最好的时间是十年前，其次就是现在总有同学来问我，说老师我现在备考来不来得及？永远记住东哥的话。种一棵树最好的时间是十年前，其次就是现在该努力的时候别选择安逸，不要什么都不想做，还什么都想要。世上没有不劳而获的东西，不尝试，不努力，不争取，你永远不知道什么是拥有。先努力优秀，再大方拥有眼界不够，看到的都是问题，格局不够纠结的都是鸡毛蒜皮，愿你熬过万丈孤独。藏下星辰大海半，山腰总是最挤的，你要去山顶看看，今年一定会上岸的。我前段时间跟你们说一下，我去了大连。大连那个地方有一个叫什么莲花山哇，站在莲花山上看那个星海湾大桥好漂亮，我才知道你们为什么那么多人？想上岸，真的太美了，山顶的风都是自由的，都是清新的，各位，你眼睛都再也不散光了，近视眼都不用戴眼镜了。我们就面试见吧，各位一定把最后一节课提前写一下，我们给大家足够的时间，下周三。最后一节课行吧，下周三最后一节课，然后呢，我们接下来就要进行超大v的刷题了，那么如果你接下来不愿意继续跟东哥的同学呢？也没有关系，你们自己呢，就多做套题，多做题好吧，如果你觉得自己呢，一很多小题或者大作文，一听就会一做就蒙，你还想继续跟着我，你就继续跟。反正呢，99块钱也不贵，318页的讲义，然后我给大家准备了80篇高分样卷，范文都是议论文啊，都给你附到讲义里边了，318页。既带着大家刷小题，又带着大家选刷大作为，但是呢，我非常感谢，我真心真心感谢每一位。就是跟过我的同学，非常感谢，非常感谢好吧。祝大家梦想成真吧，也祝大家一定能够成功，好吧，给大家放首歌，叫做祖国不会忘记。那么希望在你的人生道路上能够顺利的成功，将来为人民服务，祖国不会忘记。风雨中。都说那无情人。就是我。再哭过。的幸福里，我永远闪光的就是我。我也一直如你。
bfc59652e4f504e81c2181faab7de996,2204,4752.98,22418,非常抱歉，刚才网络出了一点问题，我们重新给大家开始一下，东哥呢，有点小洁癖啊，我总是觉得我哪个课呢，如果有了一点瑕疵，我就对大家呢，实在有点抱歉。所以呢，实在是抱歉哈，刚才有的同学说卡了，吓得我赶紧出去之后又重新启动一下电脑，我现在问大家下你们现在觉得卡吗？各位，如果不卡的话，给老师打个一卡的话，给老师打个二，各位我们正式开始给大家讲这节课叫申论领跑营。好，这节课呢，我们还是要给大家讲AB类的一个解决方案AB类的公文写作，或者是AB类的大作文写作，在我们考试的时候。现在已经成为一种新的命题趋势，那我们给大家呢？讲过了几节课，第一节课大家有没有同学还记得我给大家讲的是叫做流动。与新生。OK，流动与新生，它表面上也是AB类的，但是本质上它前面是对策，后边是影响。所以我们就按照常规的去写也就可以了，那么第二个我问大家一下。我们上节课给大家讲了一个传统与现代，但是在题干当中明明白白的给我们出现了一个文明。请问同学们，这个时候就需要我们知道传统是a，现在是b文明，它是一个c。所以它是一个ABC的关系，那么第三个它叫做什么呢？出现了一个a和b，比如说这节课要给大家讲一个理论。还有一个创新，他就压根没有出现，第三者就是只有我们两个人过日子，那么也就是AB类的，我们怎么写？只要大家把这些搞定了，国考，省考AB类的不会超出我们的范围，那么这节课我们带着大家看一看。二四年浙江省考的题目。这是二四年浙江省考的题目，就这一个题目，我都难以想象竟然有同学在考试的时候。还是跑题了，我们先带着大家审一下题，有一个人指出我们要根据时代的变化和实践的发展，不断深化认识，不断总结经验，不断进行理论创新。坚持理论指导与实践探索辩证统一，实现理论创新和实践创新良性互动。请你对这句话的理解结合，给定材料自选角度，自拟题目写一篇。议论性的文章哦，让我们写一篇议论性的文章，首先我们大家呢，还是要审题。各位，我已经反复的给大家说过，你一定要注意审题，大家审完了，这个题目从这个地方到这个地方，你觉得它最重要的词是什么词？可不可以把你们的答案？给老师打出来，各位认真的去审一下这个题目，看一看。这个题目当中最重要的词，你们觉得是什么？这个词对于我们来说的话，大家来看一下，就是出现了一个理论创新。出现了一个叫做实践发展，出现了一个理论指导，出现了一个实践探索，出现了一个理论创新，出现了一个实践创新。哎，我不管你怎么说，反正呢，这个题目当中，如果只让我们写两个词的话，第一个你肯定就是叫做理论，这叫高频词，和我们阅读材料是一样的。第二个，它是叫做实践，这个也是一个高频词，和我们阅读是一样的是吧？那么拿到如果你再想往下写一下的话，大家看就是实践发展。理论创新，理论指导，实践探索，理论创新，实践创新。如果非让我们再写的话，我们觉得审题当中可以把理论。加一个创新。再可以把实践加一个创新，它本身是伪剧又是敌进的关系，而且那么实践的发展和实践的创新是一个意思。理论的创新和理论的创新是一个意思。理论指导本身就是理论创新，实践探索也是实践创新。大家现在能够听清楚了吗？所以这个你既可以写理论和实践，又可以写理论创新与实践创新，各位那么对于我们来讲的话就是，如果我们要拟定一个标题。OK，大家能不能给老师拟出一个标题，各位，我们拟标题的时候前半句是什么？抓紧时间告诉东哥。是不是一个对策，后半句是什么？是不是一个影响？各位怎么去理解对策加影响呢？大家来想一下，就是这个对策，也就是叫做理论创新这个影响呢？也就是叫做实践创新。所以大家给老师一起写下来，叫加一个动词，你想不出来的话，很多时候可以用以。以理论创新。和。实践创新。实践创新OK，那么这两个是一个对策，有什么影响呢？我能不能想一个万能的影响叫做？推动高质量发展。推动高质量。发展大家觉得可以不？那有的同学说老师我不愿意用以，我可不可以写叫坚持？理论创新和实践创新推动高质量发展。有的同学说，老师，我还不愿意用推动高质量发展，我能不能用开创事业发展新局面？当然是没有问题的，开创事业发展新局面，这些呢，我之前在前六节课里边都给大家讲过，如果你没有能够听明白的话，自己再去听。好吧，那么还有一种思维的方式，请问大家一下，就是我专门针对AB类的，给大家准备的模板。那么，我们有一种思维方式叫做理论。还有一个叫做实践。就是AB他们一定要能够做到双向奔赴，可不可以作为我们的一个标题双向？奔赴OK，大家一定把它给我搞定行吗？亲爱的同学们，那么这个呢？标题就简短一些了好吧，那么我们也就把它搞定了。那么，大家拿到这个标题之后，再抓紧时间看一下，在这个标题当中，你们认真的给老师琢磨一下，如果我们。写分论点的话，它是一个纯粹的a和b交互关系，或者是叫做并列关系的，我们应该怎么写分论点？可能有几个角度，能不能告诉东哥就是这种a与b的关系的，我今天晚上给大家做了一个总结，记住了，第一步也就是叫做a。对b有什么好处？也就是a对b的影响，记住了，你在题目当中明显没有出现第三者，没有出现所谓的文明，没有出现其他的，那我们就谈a对b的影响。那么第二个呢？我们还可以谈b对a的影响。那么第三个呢？我们要谈把a和b结合起来怎么干？现在大家能够理解我的思路了吗？这是我们给大家所说的非常重要的，能够听明白了吗？各位，你到考试的时候你就这样干，那么比如说a叫理论创新，它为实践创新提供科学的行动指南。然后呢，实践创新，它为理论创新提供不竭的动力源泉，下面努力实现理论创新与实践创新的我们上节课给大家说的良性互动。还能够记得吗？这就是我们的三个分论点，这是第一个，这是第二个，这是第三个，可以模板化的操作。行吗？亲爱的同学们，那有的同学说老师就如果要求写成正论文的话，正论文不就写正论文的话，你就可以只写前两个，也就是理论创新是呃呃，理论创新为实践创新。啊，理论创新为实践创新提供科学的行动指南，实践创新为理论创新提供不竭的动力源泉就可以了，正论文就是写影响你再加一个过渡段。不就把他拿捏的死死的了吗？现在大家能够听清楚了吗？这是我们给大家所说的非常重要的好吧，这是我们给大家所说的非常重要的好了。亲爱的同学们，那么下面我们带着大家来看一下你的三个分论点，如果确定了之后，那么其实也就比较简单了。我问大家一下，我们的分论点，它可以来源于什么地方分论点以及分论点的论证？它可能来源于三个层面，第一个层面来源于我们的题干。那么，第二个层面来源于前面客观题的题干。可能我们整篇材料呢，有客观题，你像浙江就考这三个题，那么第三个的话呢，来源于我们的材料，所以我们在。考试的时候拿到试卷一定尽量的先看一下，后面的题目，这个时候你不要读前面的材料，先读一下后面的题目，你就知道我们的材料在说什么了。各位，那么大家来看一下前面的客观题，第一个根据给定材料五概括民生一件半工作的一个亮点。各位，这个民生一件半搞的是什么事情呢？我们待会带着大家一起去看它到底是代表理论创新呢？还是代表实践创新呢？还是代表理论和实践相结合呢？那么这个时候我给大家埋一个伏笔行吧，那么接着各位千万工程，各位知道千万工程是谁想出来的吗？千万工程是我们有一个人想出来的，它是一个理论，在千万工程的指导之下，我们李祖村呢，就厉害了。所以这个能够用来论证理论对于实践之间的关系，现在大家能够听清楚了吧？好了，那我们带着大家呢，抓紧时间去看一下我们的标题，这个是我们的标题，你想用这个就用这个，你不想用这个也没有问题。那么，这是我们的第一个分论点，讲的是a对b有什么好处，然后呢，第二个分论点讲的是b对a的影响，或者是好处。这是我们的第三个分论点，也就是a和b结合起来应该怎么干的问题，大家现在能够听清楚了吧？这是我们给大家所说的非常重要的，各位你们在与之前做这道题目的时候，有没有把它给我写对？我问大家一下有没有把它写对，有的同学说老师你的标题为什么写的和我不一样，你这个不用跟我一样，你就可以写坚持。前半句是对策理论创新。和。实践创新。这是前半句，后半句再写一个推动高质量发展也就可以了，各位现在大家能够听清楚了吗？这个它不是ABC的，这个没有出现第三者的c，我们上节课给大家讲的传统。现代还有一个文明在题干当中就已经出现了第三者啊，那疯狂小杨哥那么这个题目人家是非常纯粹的是疯狂大杨哥。没有出现任何的绯闻，请大家不要搞错，听懂了吗？那么各位人家题干当中只有这两个非常纯粹的。,第一个写一个开头。那么，第二个写一个a对b的影响，第二个写一个b对a的影响，第三个写一个a和b结合起来要良性互动。的问题是吗？那么这是我们给大家说的，另外如果你想改的话，在这个地方可以加一个过渡段。我建议大家就是能够把这三个全写的就全写，一般不要只写前面两个，所以过渡段可有可无，但是这三个都要把它写出来。行吧，这个是再说一个影响。这个也是在说一个影响，这个你可以啊，说把它俩结合起来怎么干的问题？行不行亲爱的同学们，能够现在听明白了吗？各位有的同学说老师，我写了过渡段超了字数了。你这叫凡尔赛超了字数再减就非常简单了，如果是800到1000字，大家就不要写过渡段了，因为时间根本就不够用啊，不是因为字数根本就不够用。那么因为你要写过渡段，就是六段，一共才800字，你每一段100来个字，来不及发挥，来不及吵架，就结束了。听懂了吗？这是我们给大家所说的非常重要的好吧。各位，这呃刚刚才那个抄字数的，我们有没有工作人员把他直接给我拉黑哈，他是在给我们进行反尔赛。各位公务员，备考的时候的低谷是老天爷在用一种特殊的方式帮助您进步啊，真正的智慧都是在你遇到困难时陷入低谷时领悟到的。这个时候请牢牢记住，慌不择路，静能收贿识别那些行测和申论的坑，并针对性解决即可，然后你就成功成长了，没有谁的行测申论能够十全十美，也没有谁的备考能够一帆风顺。备考低谷期的苦难，就是为了考试积蓄能量。只要你挺过了这段艰难时光和兵荒马乱，你就会明白什么叫做浴火重生。所有的同学们，也祝大家呢，能够梦想成真，下面我们给大家放首歌，这节课也就结束了，好吧？哎呀，为大家的话呢，专门的就是。专门的买了会员这首歌的名字叫风雨无阻，周华健唱的送给你们。之后这个课还会通过录播的方式给你们加课的，别着急。我接下来会给大家强化分论点的学习的，之后就不再讲分论点的论证了，主要讲找分论点，因为你们跟我学的这几节课是不是觉得分论点论证已经解决的比较好了？但是分论点有没有，还有点担心。你是我今生唯一的赌注，只留下一个岁月，让我们遇。对了，没有跟那个冲刺预测班的，一定要跟冲刺预测班。你们冲刺预测班的同学拿到资料之后，一定先把它写一下有没有同学已经收到了那个冲刺预测班的资料了？各位，我今天给你邮寄了这个冲刺预测班的资料，一定先把它写一下好吗？如果你是之前396的那个全家桶的同学，没有填写资料的，抓紧时间到群里填写资料，我给你补发这个讲义的，不要钱，你尽管填写不要钱，把你的地址填进去，在班级群里面已经调研了。千万别忘记了，还有一些同学没填呢，我要给你发货了，不要钱，别怕。怕你忧伤，怕你哭，怕你孤单，怕你孤独，孤独，孤城，千山万里。我给你找找秘密，给你最甜蜜的回忆，你是我一生。山不停的脚步让我走出一片天空，让你尽情飞，放心的追逐。爱是漫长的旅途，人的快乐总有痛苦，悲欢离合人间。我可以风风光光记着昨日种种千辛万苦，想明天换一些。美满和幸福，爱你够不够多？对你够不够好？可以要求不要不在乎。不愿让你看见我的伤处，是曾经误会的风雨无阻。朋友够不够多？忙得够不够好？可以追求。
0fca948ccd0d0e26e05c038632ec9662,2450,5222.48,25011,没有的话呢，就不用打了啊，这给大家展现一下什么样的叫做控场也就可以了，各位这节课呢，我们给大家讲一个AB类的。你们经历了上面的几节课，有的同学呢，可能觉得自己已经学的差不多了，那其实呢，这节课有可能再给你产生一次打击。我觉得一个人啊，只有在打击当中才能够不断的这种成长，首先带着大家看一下这道题目，这是二四年河南省考的一个题目。二四年的话呢，河南省考东哥呢，发了一笔横财，为什么呢？因为河南的同学呢，就是在二四年省考当中跟我考到70加的特别多，我在河南呢，光带面试班线下的哈招了800个人。一个人呢，给我交了6800块钱，当然去其他机构呢，要交16800，各位为什么就是因为考前的话呢，我给大家压了AB类的很多同学呢，当时遇到了我们来看看河南考了这个AB类的，看看能不能把？把它搞定行吧，就是给定资料五中提到有效的社会治理需要硬设施和软服务的完美结合，离不开。参与各方的相互成就，那么请你思考这句话，参考给定材料联系实际自选角度，自拟题目，写一篇文章，所有的同学，我现在问你们一下。你们觉得这个题目对于我们来讲，首先要进行一个审题，能不能把这题干当中最重要的关键词给老师直接写在屏幕上，我们来看一下。大家能不能用一分钟的时间，把最重要的关键词写在屏幕上，这是非常重要的，如果你审题的时候。待会儿你的标题当中没有含有题干当中最重要的关键词，大概率你就是跑题的了，所以如果是我的话，我会看到其中有一个词叫社会治理。我还会看到其中有一个词叫硬设施，我还会看到有一个词叫软服务，另外有没有觉得这个题目和我们那个文明之所以成为文明？它有点不一样，大家有没有觉得就是我们之前给大家讲过一个文明，之所以成为文明，是因为它又包容现代传统生活方式，又尊容啊传统。尊重传统之类的，但是这个后面还有一句话叫离不开参与各方的相互成就，能够看懂吗？各位，那么我先问大家一下，如果我们拟定一个标题的话，前半句写对策，后半句写。影响的话，大家觉得应该怎么拟标题？有没有同学能够给老师琢磨出来？那么你的对策不就是把硬设施，软服务结合吗？那么，怎么样把硬设施，软服务结合呢？你可以写一个软硬。结合行不行？完了之后软硬结合，它有什么样的影响呢？它对社会治理有影响，你就可以写那么。优化社会治理或者是完善。社会治理，大家觉得可以不这样的话，你就把它给我搞定了，当然如果大家呢，想把它写的有文采一点，也可以把它写成叫软硬。并驾齐驱。软硬并驾齐驱OK，下面再写一个叫做影响有效的社会治理，也就叫做共筑。社会治理新格局。共筑社会。治理。叫做新格局OK，一起把它搞定也就可以了，这个也是我们的一个方向，另外一个像这种类似于AB类的，我还教了大家一个模板。各位可以写什么叫硬设施？下面再加一个与软服务。再加一个影响，叫做双向奔赴，但是我不建议大家写双向奔赴，为什么呢？因为这个题目如果你写了双向奔赴的话，你就会缺少社会治理这个关键词。每今年在国考的时候，如果你们遇到这种题目，一定要记住了，东哥站在你身后，像个大哥哥一样说，如果你的标题当中不含有题干当中最重要的关键词的话，你跑题的风险就非常大。所以大家一定把它搞定，行吗？亲爱的同学们，有的同学说老师这个各方参与呢，各方参与它本质上也是围绕着软服务和硬设施，说的也是围绕着。社会治理去说的，所以这个就不用再写在里边了，我们的标题不可能把每个字都写进去，你把最重要的写到答案里边去，这个才是我们想看到的一个观点。行吧，那至于后面的这句话，你可以把它写在总论点里面去，把它进行一个补充好吗？下面我们再给老师看一下这个题目，我们给大家找到了一个总论点。能不能给老师把分论点找出来？OK，大家能不能把分论点给老师找出来？分论点的话，这个时候。一个叫硬设施，一个叫软服务，这是一个a，这是一个b，这是一个c，所以我问大家一下，第一个分论点是不是要写a对c的影响？我们是不是之前就给大家说过，那么a对c的影响，也就是硬设施对于社会治理很重要，那么也可以说硬设施是完善社会治理的。登山之所那么软服务，是完善社会治理的。循镜之徒当然有的同学呢，如果想个性化的一下，我再给大家写一个个性化的叫做坚实稳固的硬设施。歼十。稳固。的。硬设施。坚实稳固的硬设施，你看你就在硬设施前面呢，给我加几个形容词，就把它给我进行一个有。文采的润色了下面，它对于社会治理有什么好处呢？我们可以有利于社会治理，太土了，把它稍微润色一下，可以写。助老。社会治理治股。社会治理。是股当然，你用我之前给你准备的一个。分论点的润色的那100多种模板，随便选一种也是可以的，你还可以把它写成什么？亲爱的同学们告诉我，就是我。叫做坚实稳固的硬设施，是社会完善，社会治理的登山之所，也是没有问题的。第二个你要写一下b对c的影响，这里面里面的b叫做软服务。那么也就是这个软服务，我们可以前面再加一个形容词，那就叫做细致。入微。的。软俯卧那么它你前面是骨，后面就是一个魂，下面丰盈。社会。治理。是混大家觉得可以不？各位这两个我觉得每一个同学都能够把它写出来，你不一定要和我一样，我只是给大家做了一个个性化，大家完全可以写成叫做硬设硬设施。是实实实现呃社会呃是完善社会治理的登山之所软服务，是完善社会治理的循境之途或者软服务，是完善社会治理的开山之后都是可以的。下面这个题目最难的有一点叫做第三个分论点，你们觉得它应该写成什么？有的同学说老师我知道第三个分论点哎，你就告诉我们了，要写成一个a+b的方式。也就是我们要把硬设施还有一个软服务结合起来，怎么办？各位，你觉得这样写可以吗？各位，如果你这样写的话，我觉得其实也是可以的，但是这个题目当中有一句非常重要的话，大家直接看标题，离不开参与各方的相互成就。各位参与各方的相互成就，我们这个时候一定要理解一下这个各方是怎么理解的？有没有同学能够给老师想出来？有的同学说老师这个各方，它不就是应该是硬设施吗？它不就是应该是一个软服务吗？你们觉得是吗？亲爱的同学们，这个是我们想问一下大家的各位，这个是一个各方各方，他在这里边，你仔细的读一下，它并不是指的硬设施，也不是指的一个软服务，它是指的一个。主体大家同意不？也就是它是指的一个主体啊，所以我们的第三个分论点，你可以把它写成叫做。怎么样？你可以把叫做a+b，然后呢？离不开。参与各方的相互成就，一起融合起来也就可以了。这样的话，我们在考试的时候就绝对保险，没有人能够说你是跑题了，现在大家能够听清楚了吧？好了哈，我们给大家一起来琢磨一下，刚才我们给大家。找了一个三个分论点，那么这三个分论点的话呢？大家来看一下，首先这个标题你能不能理解？这个标题大家应该都能够理解吧，那么接着这是一个a对c的好处，接着这是一个a对b的好处，那么下面如果题干当中没有。这句话我们直接把这个写下来，叫做要努力。实现硬设施和软服务的完美的结合也就可以了，这个和我们上节课给大家讲的理论创新，那个题目是一模一样的，大家能够听明白了吗？那么但是这个题目，它尾巴上多了一句话，请问这句话为了不跑题，我们要不要把它写在里边去？要你就给老师呢，一定要把它给我写进去，你如果不写的话，到时候你会比较崩盘的好吧，所以一定把它写进去。这个题目是最重要的OK，我给大家说一下，我给大家每一节课就会讲一种类型a与b，到现在为止一共就考了这几种类型，我希望大家把它给我保证。那么，你们在课前预习这道题的时候，有没有同学分论点三个全部都搞定了？各位第一个写a对c的影响，也就是硬设施对社会治理的影响。第二个写b对c的影响，也就是写软服务对社会治理的影响。第三个写叫做a+b结合起来怎么干？然后还有一个x就是把这句话也写下来。它对于社会治理也有影响，听懂了吗？你看如果你要不要中间的这句话的话，它也是有效的社会治理，离不开各方的相互成就，你一定要把这句话给我加进去。这个才是非常重要的，千万不要大意了，一定记住了，题干永远是大于材料的好吧，题干永远是大于材料的，下面我们带着大家看一下小题。我们在考试的时候呢，不要直接去涂材料，而是首先要看一下前面的客观题，我们大体就知道材料是在说什么了，大家来看看。叫g市准备召开妈妈港就业新模式座谈会，要求z县做典型发言，请结合给定材料一为z县领导写一篇发言稿。请问一下，所有亲爱的同学们，如果说我们假如说就不看材料，就根据题干，你觉得一个妈妈岗的。就业新模式的座谈会大概率和硬设施有关，还是和软服务有关？各位，你们能不能告诉我那么这个肯定是和软服务有关的，对吧？我们给你搞一个座谈会，让我们。很多妈妈呢，能够找到工作，,我会把这个课全部给你们迁移到初心公考的APP上，那个APP呢和粉笔的听课的那种体验呢？啊，是一样棒的，行吧，大家到时候直接直接到那个那就可以了，到时候一定要没加群的，加群到时候在群里面我会收集大家的手机号就添加到你的手机号的账号上，行吧，添加。添加完了之后，我们会在班级的群里边通知大家的，以后你就用初心公考的APP直接听课也就可以了，和粉笔的APP啊完全一样的听课体验，非常方便。好吧，各位大家一起加油好吧？各位，你我再给大家说一下，你们一定自己把近五年国考，还有省考的分论点全部自己找一遍。行不行全部自己找一遍，然后呢？后期的话呢？我看看，如果能够给大家加直播就加直播，加不了直播，我就给大家加录播，你们到时候再听一下。只要大家总论点分论点不跑题，你把我这套用上了，至少至少我保证你能够拿到一个二类文行吧？各位同学，我下面真心的问大家一下，你们报了我的班的后悔的，打个后悔不后悔的，打个不后悔。我真心的特别怕辜负你们啊，你们这个课我唯一对你们觉得亏欠的就是当时没有给大家送这个纸质版的讲义和资料，为什么呢？因为我们给大家送这个东西要经过国家审批申论，这个科目比较。比较麻烦，它里面涉及到一些政治敏感性，大家知道我上课从来不讲乱七八糟的，那么但是呢，需要国家审批好吧，我唯一感觉对不起你们的就是这个，我99块钱呢，真的也没有赚大家多少钱，但是我就觉得对你们有个遗憾。所以我后期给你们加几节课，算是一种补偿吧，行不行？那么另外呢，最后送大家一个鸡汤，很多同学呢，可能我东哥呢，就要原路返回，带着冲刺预测班的同学。继续学习了很多同学呢，可能从此之后就远走高飞，然后今年也就上岸了，我也不知道以后我们还有没有机会再见面。但是呢，我希望我们在这个课程里面学习的这一段时光，东哥呢，也给你带来了快乐，行吧，在这个课程里面呢，东哥也在改进自己，比如说呢，我尽量。不让大家怎么怎么样，听得比较烦躁，我尽量的呢也你们说我的很多缺点，我也改了各位，但是我最后送一段话给大家，这这一句话呢，以后万一大家人生什么时候有一点点小小的不开心。时候看看这句话，我并不期待人生可以过得很顺利，但我希望碰到人生难关的时候，自己可以是他的对手，即使单枪匹马，也有一枪孤勇啊。后来在寒冬，我终于知道我身上有一颗不可战胜的夏天，这句话送给所有的同学们，也祝大家今年顺利。上岸大家把上岸打在屏幕上，非常感谢各位大作为，你们接下来之后最重要的一定要练总论点和分论点，只要你这个不跑题。今年基本上就能够拿下，行吧，那么关于总论点分论点，我也会给大家专门出一些卷子，或者之后在里面专门给大家弄一些讲义讲义的话呢，后来我就只给你写总论点和分论点，我就不像现在一样给你写范围。行吧，你把总论点分论点一定写好，这首歌叫风雨无阻，没有什么能够阻挡你们上岸。你是我今生唯一的付出，我只留下一段岁月，让我们能上一乐门，没问题的。爱你们，谢谢你们。各位衣食父母，真的谢谢大家，我并不期待人生可以过得很顺利，但我希望碰到人生难关的时候，自己可以是他的对手。即使单枪匹马，也有一枪孤勇。后来在寒冬，我终于知道我身上有一颗不可战胜的夏天。我那个夏天就是你们每一个同学啊，谢谢你们99块钱，非常感谢，希望不负所托。不负所托。红尘千山万里路。行政执法的我后面也会给大家加一些课，尽管放心，行政执法的。和这个一模一样，完全是一模一样的，把行政执法的六篇范文已经传到班级群文件里面了，把它给我背一背，记一记好吗？后续还会给大家传的，别着急，加上我那个丽丽丽一共就是六篇了。我不是给你们写了一个莉莉吗？还有那一天也背。让我抓住一片片动，让你轻轻飞。
0fd4fa7627a97421c605b3e443d4d4b0,2567,5503.99,25114,给大家放首歌。放一首什么样的歌呢，兄弟们？大家稍等一下啊，我给你们放首歌。忠孝东路走九遍。嗯。我们的爱已经变得如此的美丽，还有一样美丽。我是你的爱。这城市满地的积雪风一刮，向你的。我经过的那一间鞋店却买不到那那双鞋。晃灯了，让你看不见我泪的弹，坐在路边。看见一份爱有多无畏，有什么可？却又不见得每首歌曲都有我。的泪眼能看见的，每个昨天都有你的美。嗯。哦，我从小到不懂秋天，脚底下踏着曾经你我的点点。我从日走到夜，心从黑看到黑。我多想飘向这里的伤心的台北，从说梦里走秋天春风不。我手原唱，这是你的脸，有人走得匆忙，有人爱得疲惫，谁会在意擦肩而过的心碎。嗯。啊。啊。让我们一起飞翔，一起飞翔。这只是满地的纸屑，空你的想你的眼泪，我经过。那一天鞋店却买不到你爱用的双鞋。荒唐的人没看过，却流过泪的，专注的，无言。是你的爱。会不会有什么感觉？而真的每一首歌曲都有我的美。眼看见的每个昨天都有你的美。我多想能入口就别。想一下那个曾经。你我的点点滴滴，我从日走到夜，心中会跳。嘿，我多想跳上这一次爱伤心的太累。不说都不错。从夜人一转，陌生人藏找寻你的脸。有人走得匆忙。有人爱的甜美，谁会在意他偷了我的心碎。啊啊啊。到终点，脚底下的。啦啦啦。啦啦啦。路灯下的恋人。都像是曾经的。我们是紧拥抱的亲吻。爱的难舍又难分。走下来的光阴。这世界只有两个人。你和月亮船上。你就能变成陌路人。藏在我的记忆里的那个人，愿你现在过得幸福安稳。若再相遇，人海闯。你是否还记得我的眼神？藏在我回忆里的那个人，有你我的青春才算完整。感谢曾经你的认真，让我知道爱一个人。谢谢。啊。你。啊。路灯下的恋人。就像是曾经的我们。痴情永抱。你温暖的爱。难舍又难分，不想爱的光阴。全世界只有两个人。为何一个人？转身。就能变成我路人。放在我怀里的那个人，愿你现在过得幸福安稳。若再相遇，人海黄昏，你是否还记得我用眼神？在我的回忆里的那个人，有你我的青春才算完整，感谢曾经你的认真。让我知道爱一个人为何不？无声在我回忆里的那个人，愿你现在过得幸福安稳。若再相遇，人海黄昏，你是否还记得我的眼神？好了，同学们，把你们家乡的名字呢敲在评论区，让我看看你们都是哪个地方的人？看一下大家的家里的情况啊，为你们地方的文旅呢做一点说明吧，我们看看今天的同学到底是真的假的，是真的假的啊？然后呢？这个每一天呢？都在努力啊，今天的这套题目的话呢呃，大家觉得难还是不难？有没有同学能够告诉我？今天的这道题目，你们觉得难还是不难哎？我们问一下大家的情况啊。今天这道题目的话呢，很多同学呢觉得。可能呢，是搞不定的，但实际上来讲的话呢，到底能不能搞定呢？我们一起带着大家来试一试这个题目。行不行？中等偏上没有做新化，还有哪个地方呢？陕西卷这么牛逼了，这就是陕西的卷子啊。这个你们有多少同学的话呢？就是提前做了这道题的，我来看一下，做一个。调研啊，有多少同学提前做了这个题目？好了，你们把你们三个分论点的关键词给老师交代评论区，我就看一下关键词在上课调研一下，我和了解同学们的基础，待会决定我上课的节奏。行吧。哪一个制度创新还有什么生态执法？基层治理制度，政策，科技系统，观念理念，行动成果。好城市执法信息共享利益补偿常态化执法政策标准联动治理力量。资源创新对大家来看一下，实际上你看同一个老师教的，但是呢，你光找分论点这一块，整个的差别就是很大。我们还是带着大家来看一下这个题目，慢慢的给大家揭晓吧，好了，大家来看一下这个题目，我们应该怎么把它搞定，他说给定材料六中提到。过去，南通河是分界线，把两地划分开来。现在，南通河是连接带，把两地结合起来。请你对这句话进行深入思考，联系实际，大家再来看一下自选角度，自拟题目，写一篇文章，大家看。猛地一看，你觉得拿到这个题目之后，这个题目它的整个的题干分成了两句话。它前面是在说过去，后面是在说现在这个在我们考试的时候叫什么写作，我反复给大家说过。这种是叫做对比式写作，对比式写作往往它指的是同一个话题的前后两个部分。好了，我问大家一下，你觉得？对于我们来讲，就是最后的后面这句话，你觉得最重要的词，如果只能选一个词或者两个词的话，大家觉得你会选择什么？有没有同学能够告诉我哎，是不是就是连接啊？是不是就是结合啊？同意吧，那么这个连接。哎，如果非要说的话，我们可以把它理解成一个对策，这个结合呢，往往可以理解成一个影响，对吧？好了，分界。往往也可以理解成一个对策，这个划分开来哎，划分开来，它可以理解成一个影响，哎呀，这样理解着我觉得也不太好，我不是非常明白。各位，如果你在审题的时候审不非常明白这两个，它重要强调后面也就是最重要的词连接。结合分界划分，你觉得如果从这四个词当中只选一个词，成为我们的最重要的词，大家会选择哪一个词？各位，咱也不分它什么对策和影响了，只选一个词，大家觉得选哪一个，那我觉得我可能会选择连接大家同意吧，我可能会选择连接。但是的话呢，这个题目的话呢，他说的有点虚，所以我们不是非常清晰，我们一定要到给定材料当中呢，去理解一下这句话。同意不同意的话，给老师敲个一，然后我们带着大家先来看看这句话。先来看看这句话，前面的几个小题吧，大家看一这个里边就是你觉得有没有涉及到？那个和南通河连接方面，这个方面他说的是一个都市圈，它和连接河没有关系，所以材料一我就不看了。然后这个是在说乡村旅游，它和南通和连接也不一致，这个是在说一个社区，它和。男同和也不一样，这个是在说社会化服务和男同和也不一样好吧，这个呢，它是在说特色产业集群和男同和也不一样。你们知道这是哪个地方的题目吗？这是陕西省考的题目，陕西省考呢，它的题目的特色是字数要求比较少。,我这个结尾个性化的。是怎么写的？我最后先把三个分论点进行了一个就是三个分论点的影响写了一下。是吧，然后呢，我就把三个分论点的影响写了一下，从这儿写了一个三个分论点的影响是吧，从这儿写了一个三个分论点的影响。然后呢？接着来讲我怎么样？又从这到这又再次把。三个分论点的影响又再强调了一下。然后接着我们呢，又从这儿到这儿，那么写了一下，我们举了例子。证明了我们跨越治理的一个影响。那么最后我再来一个呼吁展望，号召大家能够看懂的话，给老师打个一其实就可以了，其实非常简单。但是如果你觉得这个字数多了，你想删一点的话，请问我就把这句话删去，你觉得可以不？我就把这句话删去，你觉得可以不？完全没有问题啊，就是有的时候你多写重复写变换写就是为了对它的加强而已。好吧，对他加强以好了再带着大家一起往下走，如果你不会的话，咱们就来老三样第一。第二，第三，直接上你们的才艺，那么第一句话，大家可以随便选一句。叫古人云图垂成之功者，如晚上滩之中，莫少庭一照是吧？然后呢？大家再来看一下。下面再给老师选一句，站在第二个100年奋斗目标的历史交汇点上，面向十五五迈步新征程。然后呢？大家怎么样解决好共保廉治问题是夺取。这个不要这样写吧，把全面建设社会主义现代化国家要给我换一下，夺取跨域治理。新胜利的关键，灵活的把这个词替换一下，这是第二句，第三句，为此我们要坚定信念，满怀信心，保持风雨无阻向前进的奋进姿态。激扬越是艰险越向前的精气神，保有踏平坎坷成大道的顽强意志，方能书写更新完美的时代篇章，可以吧？但是大家如果说老师我不想用这三句话怎么样，你就把那三个分论点再把它放在这三句话里边也是可以的。行不行也是可以的，把它稍微的换一下也就可以了好吗？好了，各位觉得这节课的题目简单吗？这节课的题目最难的，我觉得是找它的分论点啊，大家先要找出五个分论点，然后把五个分论点再进行分类。最终变成三个分论点，那么记住我们五个分论点，大家来看一下，第一个是立法。第一个是第一个是立法。第二个是执法。第三个是补偿。第四个是。那么，河长办公室。第五个是剑桥，大家有没有觉得这五个分论点本质上它也不是在说一个层面上的事？有这种感觉的话，就给老师打个一，就是这两个说的是比较宏观的，这一个说的是比较中观的。这个说的也是比较中观，这个说的也是比较中观，我们要拉齐的话，这个是叫做法制。这是立法协同，执法联动嘛，那本质上来讲就是在说法制协同法制，你看它对应的合长办公室，你就要把它。拉到一个维度，它就是指的什么维度？同学们，它就是指的一个机制的维度机制创新。现在听懂的话，给老师打个一，我再说一下什么叫机制汽车的各个零件，它们一起在联动运转，就叫机制，什么叫机制？政府的各个部门一起配合运转，它就叫机制下面这个步长和建桥，本质上是为了解决大家的。利益。分配的问题，或者是利益联结的问题，不要在整治过程当中，只有你发财，我受益，我受损，只有那么我们少部分人发财，其他人不发财，这是不合理的。大家看我们要治理的话，先有法，我们要治理的话，再有运转的机制，我们要治理的话，最核在核心解决利益这个东西就长久了。现在听明白了吗？听明白的话，给老师打个一各位整体的材料的范围，也会给大家发到群里面。好吧，这节课我希望大家能够坚持的写一下自己的感受，打一个卡，大家一定要听第一节课的开课说明。进QQ群，然后再进行一个打卡行吧？进QQ群，然后再进行打卡，今天呢？
1fa4688480422da30c81cd4d6ab9ad93,2846,5997.79,27454,看回放的同学呢，往后播个八分钟也就可以看回放的同学，往后播个八分钟啊。好久不见了，还挺想念大家的啊，也不知道你们想不想念我，反正呢，东哥是比较想念大家的小爱同学嗯。播放那个呃周杰伦花海。好的，小爱想陪你一起听素颜歌曲。我们的花海。停止了。所有的花开都有了我清晰的爱。老师好，你好。爱绝对是隐患。那时候我不懂，这叫爱你喜欢站在那窗。想在你好久都没再来。彩色的世界燃烧，我爱是你让人泪，离不开不要。你离开距离，隔不开思念，变走了在窗外进不来。原谅说太快爱成了阻碍。手中的风筝放太快，回不来，不要你离开，回忆划不？爱轻易的从来我再等待重来。天空人在他爱着，大海情歌被打败，爱已不存在。你喜欢站在那窗台。你好久都没再来。彩色的世界仍像空白，彻底让它泪流干。不要你离开距离，隔不开思念变成海在窗外进不来。原谅说太快爱成了阻碍。手中的风筝放太快，回不来，不要你离开。回忆划不开，坚定的重来，我在等待重来。你永动人才怪。答，爱的答案情歌被打败。爱已不可再爱。啊啊啊。啊。嗯。小爱同学播放我的纸飞机。好啊，请听我的纸飞机试听版，手机打开小米音箱，看开通音乐会，抖音跟你们同步抽摇摇乐的啊，你们可以去抽一下。我的纸飞机呀飞呀飞飞到了路两边。带我去看老树晚霞，还有看不到的田野，我的纸飞机啊，飞呀飞飞到。我的童年，那时的母亲还没长出白发，人群中如此耀眼。飞呀飞呀飞呀，带你我去看看你，我的家乡飞呀飞呀飞呀飞呀。再开始吧，再让我们一起长大。啊呜，就让你质疑我前方的路，呜呜呜。我做了一个梦，在梦里回到小时候，那时感受不到什么都懂，要天真才有的持有，我屁股跑去校外一个门口跟在讲着同样的歌谣，我其实在想。小鬼，那个池塘边的老水就盯着我的小灵童没写完作业，他开住了嘴，老爷看着他的小蜜蜂揉捏着火烧的叶，结了灰依偎着那自己那个冬天的温暖如此渺小，我的老脸能够推开你释放。发现已经花了钱，至少还真的存在也回不去的老照片。我不知飞呀飞呀飞飞到了孤岛边。带我去看老树晚霞，又看花花的田野，我的心花飞呀飞呀飞呀飞。那年那时的母亲还没长出白发，人生中的草原。飞呀飞呀飞呀飞呀，带你我去看看我的家乡飞呀飞呀飞呀飞呀。再慢些吧，再让我们一起长大。小爱同学暂停。好了，同学们，有没有想我啊？最近几天的话呢，本来这节课应该前几天就给大家上完了的，结果最近这几天呢，嗓子突然失声了哈。失声之后呢，我就特别着急，越着急呢，越失声越失声呢，越着急，最后就形成了恶性循环了。到今天呢，嗓子呢，其实还没有完全好，但是我觉得我应该可以用非常饱满的热情的清晰的声音呢，给大家讲课了，我还是觉得挺开心的。我问大家一下，这么久没有见我，有没有有有点想念我啊？这么久没有见我，有没有一点想念我都没有啊，你看你们在电视剧里面都活不到第二集的啊，已经拍了刷漆桶的同学就给老师打个一没有拍刷漆桶的同学就直接给打老师打个二。我看看有多少同学能够哎呦呦，那么多啊，还有同学答案一点不给面子，你这个时候即使没拍，你也打个一啊，是不是？好了，这节课呢，要给大家进行一个。多主题的大作文的讲座，这个曾经在国考当中呢，是非常难的一个题目，那一年的话呢，整个国考的得分呢，是非常低的，我首先带着大家看一下题干。请你对给定材料五中提到的为群众办好事，让群众感到好办事，把群众的事办好。进行深入系统的思考，联系实际，自拟题目写一篇文章，我问大家一下，当你拿到这个题目，你觉得。这个题目袁东老师会站在你身后，一直在告诉你说什么哎，当你拿到这个题目的时候，脑袋空白，我会站在你身后，首先问你一个问题是什么？同学们告诉我，我一定会问你要进行审题，看看它是单主题，看看它是双主题，还看看它是多主题，同学们。告诉我这个题目，你们觉得应该是单主题多主题还是双主题，而你会发现他应该是办好事。好办事事办好，它肯定是一个多主题吧，多主题标题我可以。写成对策，我也可以写成对策，加上一个影响。如果写成对策的话，同学们应该写什么？那其实我只要把这三个词搞定也就行了。第一个词叫办好事。第二个词叫好办事，第三个词叫事办好，现在大家能够理解吧。你看你上来就直接把这个拿捏的稳稳的了，一点都不用担心另外一个，我现在跟大家下。这种多主题的，你觉得考试的时候跑题的同学多还是不多？各位就明显这种多主题的，很多人没有听过我的课，依然能够有一半的人跑题。但是还有一半的人不跑题，他有没有能够拿到一个很高的分数？他说老师啊，那多主题的分论点。我问大家一下，是来源于题干。还是来源于材料，你们抓紧时间告诉我一下，来源于题干还是来源于材料？多出题的分类点是不是要来源于题干啊？那有的同学说老师啊，我在考试的时候我明明写了办好事。我明明写了好办事。我明明写了是办好，但是我的分数为什么不高呢？有没有同学能够告诉我？办好事好办事事办好，我明明写了，我明明这个方面点的准确做到位了，但是我的分数好像没有想象的那么高。是不是用你的模板用的呢？各位，这里边你要想得高分，在分论点写作的时候有两点非常重要，第一点。也就是内容上要把办好事好办事事办好干什么？哪位同学告诉我，就是做一个相应的解释。第二个，除了内容上，也就是逻辑上。我问大家一下，你们觉得这三句话它本身有没有逻辑？先按照常识去判断一下。这种多主题的，一般来讲，它的三个分类点之间会呈现两种逻辑关系，大家觉得是哪两种逻辑关系的概率比较大？记住了，一种是叫并列的关系，一种是叫递进的关系，现在清晰了吗？一种是并列，一种是递进。办好事好办事事，办好一起把它搞定，那么解释，请问大家一下。这个分论点的解释到，材料当中主要找哪一个要素？有没有同学能够告诉松哥？,要你满路上都是很多的委屈，你也讲不了这个道理。真的，同学们，真的，同学们，他们说啊，你虽然跟着我这九年你没有挣到钱，你现在在抖音上，你卖课你没有赚到钱吗？如果没我没有把你领到这个行业，你现在在抖音上，你能卖这个钱吗？诶，行，你你你让他说的哑口无言，兄弟们，你让他说的哑口无言，这个过程当中，人生的路上很多时候也充满了爱，很多时候也充满了恨。包括我们上一个课也会啊，有一些让大家不满意的地方，今天统一给大家做一个道歉行吧，同学们，如果我在整个讲课过程当中，因为毕竟是直播，比如说有的时候喊一下兄弟们什么的。啊，忽略了有个别的，那就是同学的这种心情，我今天真的姐妹们，你们也放过我是吧？你就把我当成一条狗给放过就行了，也不要给我一般见识。好吧，但是我希望大家在自己的人生过程当中，你不管是在你的路上还是在我自己的路上，我的人生当中。生命当中啊，很多时候充满了爱和恨，但是在最关键的时刻，我最后都选择了爱，所以我才走到了今天，我走到今天，我并不成功，我并不是给大家谦虚。但是至少我没有把我变成一个和他们一样很坏的人，至少我没有去伤害很多人或者坑别人。我觉得这个是很重要，你说我们这个公司到底最后出新工考能够干成什么样不重要，但是至少让同学们之后听到东哥的课说诶。那个人讲课好像还可以哦，哎，那个人的话呢，就是还比较实在。我觉得我就很开心了，但是如果有一天哎呀，你能够进入面试，而且你能够上岸。哎呀，你还能够过来到抖音上给我连麦，给我报个喜，各位，我觉得。对于我来讲，还有对于你们来讲，我觉得我们俩都不枉此生。我上大学的时候。我们老师给我讲过一句话，他说如果你做的事情，如果能够感动自己，这就是一个小小的成功。如果你能够感动自己之外，或者是帮助自己之外，另外一个人，这就是一个很大的成功，同学们，哪怕你们听我课的，最后只要有一个人。能够考上了。我觉得。我也很有成就感，当然我希望考上的越多越好，行吗？同学们，各位记住了哈，有可能呢，我们这个课程后，大家也就不跟了。跟的同学以后继续还有课，还有鸡汤不跟的同学，我想把这段话送给你，以后你在困难的时候一定记住东哥像上课一样站在你的身后说。在人生的漫漫征途上，我们时常会陷入迷雾，每一步都是在荆棘中摸索前行，命运或许会像无情的狂风，试图将我们的信念这番吹折。生活也许会如冰冷的寒霜。悄然侵蚀我们的梦想之崖，但请坚信，黑暗只是暂时的，中场休息，黎明的曙光正蓄势待发，每一次挫折都是成长的磨砺，每一滴汗水都是成功的铺垫。就像深埋地下的种子，在黑暗中积蓄力量，终有一日会破土而出，绽放生命的绚烂。哪怕眼前的道路崎岖坎坷，哪怕无人为我们喝彩，我们也要怀揣着炽热的勇气，昂首挺胸，大步向前。因为。我们就是自己人生的主宰，是那照亮黑暗的光，是那冲破困境的剑。同学们把面试剑。敲在评论区好吧，希望有一天你们也能够走向自己理想的岗位拍一张，哎呀，这张制服的照片发在你的朋友圈里面。咱们一生不忘此此，不忘此生，要为群众好，办事好吧，小爱同学哎。播放我们的班歌，一路生花。好啊，请听一路生花试听版手机打开小米音箱APP，开通音乐会员听晨曲。树叶上的晚霞像年少的黄不在天空等海鸥写，剩下的还给大家留了作业。作业是提供录播的，然后作业也是提供抖音连麦批改的，你们写完了作业可以到抖音上找我，连麦批改好吧？还有四节作业啊，大家就可以检验一下自己的学习成果。我在那里等候他时间的手，抚过那脸颊，它们谁？
